"MTU (CET/CEST)","Area","Production Type","Generation (MW)"
"28/08/2026 00:00:00 - 28/08/2026 00:15:00","BZN|IT-South","Biomass","192.00"
"28/08/2026 00:15:00 - 28/08/2026 00:30:00","BZN|IT-South","Biomass","192.00"
"28/08/2026 00:30:00 - 28/08/2026 00:45:00","BZN|IT-South","Biomass","193.00"
"28/08/2026 00:45:00 - 28/08/2026 01:00:00","BZN|IT-South","Biomass","192.00"
"28/08/2026 01:00:00 - 28/08/2026 01:15:00","BZN|IT-South","Biomass","193.00"
"28/08/2026 01:15:00 - 28/08/2026 01:30:00","BZN|IT-South","Biomass","193.00"
"28/08/2026 01:30:00 - 28/08/2026 01:45:00","BZN|IT-South","Biomass","194.00"
"28/08/2026 01:45:00 - 28/08/2026 02:00:00","BZN|IT-South","Biomass","193.00"
"28/08/2026 02:00:00 - 28/08/2026 02:15:00","BZN|IT-South","Biomass","192.00"
"28/08/2026 02:15:00 - 28/08/2026 02:30:00","BZN|IT-South","Biomass","193.00"
"28/08/2026 02:30:00 - 28/08/2026 02:45:00","BZN|IT-South","Biomass","192.00"
"28/08/2026 02:45:00 - 28/08/2026 03:00:00","BZN|IT-South","Biomass","194.00"
"28/08/2026 03:00:00 - 28/08/2026 03:15:00","BZN|IT-South","Biomass","189.00"
"28/08/2026 03:15:00 - 28/08/2026 03:30:00","BZN|IT-South","Biomass","185.00"
"28/08/2026 03:30:00 - 28/08/2026 03:45:00","BZN|IT-South","Biomass","191.00"
"28/08/2026 03:45:00 - 28/08/2026 04:00:00","BZN|IT-South","Biomass","194.00"
"28/08/2026 04:00:00 - 28/08/2026 04:15:00","BZN|IT-South","Biomass","193.00"
"28/08/2026 04:15:00 - 28/08/2026 04:30:00","BZN|IT-South","Biomass","193.00"
"28/08/2026 04:30:00 - 28/08/2026 04:45:00","BZN|IT-South","Biomass","192.00"
"28/08/2026 04:45:00 - 28/08/2026 05:00:00","BZN|IT-South","Biomass","193.00"
"28/08/2026 05:00:00 - 28/08/2026 05:15:00","BZN|IT-South","Biomass","193.00"
"28/08/2026 05:15:00 - 28/08/2026 05:30:00","BZN|IT-South","Biomass","194.00"
"28/08/2026 05:30:00 - 28/08/2026 05:45:00","BZN|IT-South","Biomass","192.00"
"28/08/2026 05:45:00 - 28/08/2026 06:00:00","BZN|IT-South","Biomass","191.00"
"28/08/2026 06:00:00 - 28/08/2026 06:15:00","BZN|IT-South","Biomass","192.00"
"28/08/2026 06:15:00 - 28/08/2026 06:30:00","BZN|IT-South","Biomass","191.00"
"28/08/2026 06:30:00 - 28/08/2026 06:45:00","BZN|IT-South","Biomass","192.00"
"28/08/2026 06:45:00 - 28/08/2026 07:00:00","BZN|IT-South","Biomass","194.00"
"28/08/2026 07:00:00 - 28/08/2026 07:15:00","BZN|IT-South","Biomass","193.00"
"28/08/2026 07:15:00 - 28/08/2026 07:30:00","BZN|IT-South","Biomass","193.00"
"28/08/2026 07:30:00 - 28/08/2026 07:45:00","BZN|IT-South","Biomass","192.00"
"28/08/2026 07:45:00 - 28/08/2026 08:00:00","BZN|IT-South","Biomass","191.00"
"28/08/2026 08:00:00 - 28/08/2026 08:15:00","BZN|IT-South","Biomass","191.00"
"28/08/2026 08:15:00 - 28/08/2026 08:30:00","BZN|IT-South","Biomass","191.00"
"28/08/2026 08:30:00 - 28/08/2026 08:45:00","BZN|IT-South","Biomass","182.00"
"28/08/2026 08:45:00 - 28/08/2026 09:00:00","BZN|IT-South","Biomass","170.00"
"28/08/2026 09:00:00 - 28/08/2026 09:15:00","BZN|IT-South","Biomass","170.00"
"28/08/2026 09:15:00 - 28/08/2026 09:30:00","BZN|IT-South","Biomass","169.00"
"28/08/2026 09:30:00 - 28/08/2026 09:45:00","BZN|IT-South","Biomass","167.00"
"28/08/2026 09:45:00 - 28/08/2026 10:00:00","BZN|IT-South","Biomass","167.00"
"28/08/2026 10:00:00 - 28/08/2026 10:15:00","BZN|IT-South","Biomass","176.00"
"28/08/2026 10:15:00 - 28/08/2026 10:30:00","BZN|IT-South","Biomass","190.00"
"28/08/2026 10:30:00 - 28/08/2026 10:45:00","BZN|IT-South","Biomass","191.00"
"28/08/2026 10:45:00 - 28/08/2026 11:00:00","BZN|IT-South","Biomass","191.00"
"28/08/2026 11:00:00 - 28/08/2026 11:15:00","BZN|IT-South","Biomass","191.00"
"28/08/2026 11:15:00 - 28/08/2026 11:30:00","BZN|IT-South","Biomass","191.00"
"28/08/2026 11:30:00 - 28/08/2026 11:45:00","BZN|IT-South","Biomass","189.00"
"28/08/2026 11:45:00 - 28/08/2026 12:00:00","BZN|IT-South","Biomass","188.00"
"28/08/2026 12:00:00 - 28/08/2026 12:15:00","BZN|IT-South","Biomass","-"
"28/08/2026 12:15:00 - 28/08/2026 12:30:00","BZN|IT-South","Biomass","-"
"28/08/2026 12:30:00 - 28/08/2026 12:45:00","BZN|IT-South","Biomass","-"
"28/08/2026 12:45:00 - 28/08/2026 13:00:00","BZN|IT-South","Biomass","-"
"28/08/2026 13:00:00 - 28/08/2026 13:15:00","BZN|IT-South","Biomass","-"
"28/08/2026 13:15:00 - 28/08/2026 13:30:00","BZN|IT-South","Biomass","-"
"28/08/2026 13:30:00 - 28/08/2026 13:45:00","BZN|IT-South","Biomass","-"
"28/08/2026 13:45:00 - 28/08/2026 14:00:00","BZN|IT-South","Biomass","-"
"28/08/2026 14:00:00 - 28/08/2026 14:15:00","BZN|IT-South","Biomass","-"
"28/08/2026 14:15:00 - 28/08/2026 14:30:00","BZN|IT-South","Biomass","-"
"28/08/2026 14:30:00 - 28/08/2026 14:45:00","BZN|IT-South","Biomass","-"
"28/08/2026 14:45:00 - 28/08/2026 15:00:00","BZN|IT-South","Biomass","-"
"28/08/2026 15:00:00 - 28/08/2026 15:15:00","BZN|IT-South","Biomass","-"
"28/08/2026 15:15:00 - 28/08/2026 15:30:00","BZN|IT-South","Biomass","-"
"28/08/2026 15:30:00 - 28/08/2026 15:45:00","BZN|IT-South","Biomass","-"
"28/08/2026 15:45:00 - 28/08/2026 16:00:00","BZN|IT-South","Biomass","-"
"28/08/2026 16:00:00 - 28/08/2026 16:15:00","BZN|IT-South","Biomass","-"
"28/08/2026 16:15:00 - 28/08/2026 16:30:00","BZN|IT-South","Biomass","-"
"28/08/2026 16:30:00 - 28/08/2026 16:45:00","BZN|IT-South","Biomass","-"
"28/08/2026 16:45:00 - 28/08/2026 17:00:00","BZN|IT-South","Biomass","-"
"28/08/2026 17:00:00 - 28/08/2026 17:15:00","BZN|IT-South","Biomass","-"
"28/08/2026 17:15:00 - 28/08/2026 17:30:00","BZN|IT-South","Biomass","-"
"28/08/2026 17:30:00 - 28/08/2026 17:45:00","BZN|IT-South","Biomass","-"
"28/08/2026 17:45:00 - 28/08/2026 18:00:00","BZN|IT-South","Biomass","-"
"28/08/2026 18:00:00 - 28/08/2026 18:15:00","BZN|IT-South","Biomass","-"
"28/08/2026 18:15:00 - 28/08/2026 18:30:00","BZN|IT-South","Biomass","-"
"28/08/2026 18:30:00 - 28/08/2026 18:45:00","BZN|IT-South","Biomass","-"
"28/08/2026 18:45:00 - 28/08/2026 19:00:00","BZN|IT-South","Biomass","-"
"28/08/2026 19:00:00 - 28/08/2026 19:15:00","BZN|IT-South","Biomass","-"
"28/08/2026 19:15:00 - 28/08/2026 19:30:00","BZN|IT-South","Biomass","-"
"28/08/2026 19:30:00 - 28/08/2026 19:45:00","BZN|IT-South","Biomass","-"
"28/08/2026 19:45:00 - 28/08/2026 20:00:00","BZN|IT-South","Biomass","-"
"28/08/2026 20:00:00 - 28/08/2026 20:15:00","BZN|IT-South","Biomass","-"
"28/08/2026 20:15:00 - 28/08/2026 20:30:00","BZN|IT-South","Biomass","-"
"28/08/2026 20:30:00 - 28/08/2026 20:45:00","BZN|IT-South","Biomass","-"
"28/08/2026 20:45:00 - 28/08/2026 21:00:00","BZN|IT-South","Biomass","-"
"28/08/2026 21:00:00 - 28/08/2026 21:15:00","BZN|IT-South","Biomass","-"
"28/08/2026 21:15:00 - 28/08/2026 21:30:00","BZN|IT-South","Biomass","-"
"28/08/2026 21:30:00 - 28/08/2026 21:45:00","BZN|IT-South","Biomass","-"
"28/08/2026 21:45:00 - 28/08/2026 22:00:00","BZN|IT-South","Biomass","-"
"28/08/2026 22:00:00 - 28/08/2026 22:15:00","BZN|IT-South","Biomass","-"
"28/08/2026 22:15:00 - 28/08/2026 22:30:00","BZN|IT-South","Biomass","-"
"28/08/2026 22:30:00 - 28/08/2026 22:45:00","BZN|IT-South","Biomass","-"
"28/08/2026 22:45:00 - 28/08/2026 23:00:00","BZN|IT-South","Biomass","-"
"28/08/2026 23:00:00 - 28/08/2026 23:15:00","BZN|IT-South","Biomass","-"
"28/08/2026 23:15:00 - 28/08/2026 23:30:00","BZN|IT-South","Biomass","-"
"28/08/2026 23:30:00 - 28/08/2026 23:45:00","BZN|IT-South","Biomass","-"
"28/08/2026 23:45:00 - 29/08/2026 00:00:00","BZN|IT-South","Biomass","-"
"28/08/2026 00:00:00 - 28/08/2026 00:15:00","BZN|IT-South","Energy storage","n/e"
"28/08/2026 00:15:00 - 28/08/2026 00:30:00","BZN|IT-South","Energy storage","n/e"
"28/08/2026 00:30:00 - 28/08/2026 00:45:00","BZN|IT-South","Energy storage","n/e"
"28/08/2026 00:45:00 - 28/08/2026 01:00:00","BZN|IT-South","Energy storage","n/e"
"28/08/2026 01:00:00 - 28/08/2026 01:15:00","BZN|IT-South","Energy storage","n/e"
"28/08/2026 01:15:00 - 28/08/2026 01:30:00","BZN|IT-South","Energy storage","n/e"
"28/08/2026 01:30:00 - 28/08/2026 01:45:00","BZN|IT-South","Energy storage","n/e"
"28/08/2026 01:45:00 - 28/08/2026 02:00:00","BZN|IT-South","Energy storage","n/e"
"28/08/2026 02:00:00 - 28/08/2026 02:15:00","BZN|IT-South","Energy storage","n/e"
"28/08/2026 02:15:00 - 28/08/2026 02:30:00","BZN|IT-South","Energy storage","n/e"
"28/08/2026 02:30:00 - 28/08/2026 02:45:00","BZN|IT-South","Energy storage","n/e"
"28/08/2026 02:45:00 - 28/08/2026 03:00:00","BZN|IT-South","Energy storage","n/e"
"28/08/2026 03:00:00 - 28/08/2026 03:15:00","BZN|IT-South","Energy storage","n/e"
"28/08/2026 03:15:00 - 28/08/2026 03:30:00","BZN|IT-South","Energy storage","n/e"
"28/08/2026 03:30:00 - 28/08/2026 03:45:00","BZN|IT-South","Energy storage","n/e"
"28/08/2026 03:45:00 - 28/08/2026 04:00:00","BZN|IT-South","Energy storage","n/e"
"28/08/2026 04:00:00 - 28/08/2026 04:15:00","BZN|IT-South","Energy storage","n/e"
"28/08/2026 04:15:00 - 28/08/2026 04:30:00","BZN|IT-South","Energy storage","n/e"
"28/08/2026 04:30:00 - 28/08/2026 04:45:00","BZN|IT-South","Energy storage","n/e"
"28/08/2026 04:45:00 - 28/08/2026 05:00:00","BZN|IT-South","Energy storage","n/e"
"28/08/2026 05:00:00 - 28/08/2026 05:15:00","BZN|IT-South","Energy storage","n/e"
"28/08/2026 05:15:00 - 28/08/2026 05:30:00","BZN|IT-South","Energy storage","n/e"
"28/08/2026 05:30:00 - 28/08/2026 05:45:00","BZN|IT-South","Energy storage","n/e"
"28/08/2026 05:45:00 - 28/08/2026 06:00:00","BZN|IT-South","Energy storage","n/e"
"28/08/2026 06:00:00 - 28/08/2026 06:15:00","BZN|IT-South","Energy storage","n/e"
"28/08/2026 06:15:00 - 28/08/2026 06:30:00","BZN|IT-South","Energy storage","n/e"
"28/08/2026 06:30:00 - 28/08/2026 06:45:00","BZN|IT-South","Energy storage","n/e"
"28/08/2026 06:45:00 - 28/08/2026 07:00:00","BZN|IT-South","Energy storage","n/e"
"28/08/2026 07:00:00 - 28/08/2026 07:15:00","BZN|IT-South","Energy storage","n/e"
"28/08/2026 07:15:00 - 28/08/2026 07:30:00","BZN|IT-South","Energy storage","n/e"
"28/08/2026 07:30:00 - 28/08/2026 07:45:00","BZN|IT-South","Energy storage","n/e"
"28/08/2026 07:45:00 - 28/08/2026 08:00:00","BZN|IT-South","Energy storage","n/e"
"28/08/2026 08:00:00 - 28/08/2026 08:15:00","BZN|IT-South","Energy storage","n/e"
"28/08/2026 08:15:00 - 28/08/2026 08:30:00","BZN|IT-South","Energy storage","n/e"
"28/08/2026 08:30:00 - 28/08/2026 08:45:00","BZN|IT-South","Energy storage","n/e"
"28/08/2026 08:45:00 - 28/08/2026 09:00:00","BZN|IT-South","Energy storage","n/e"
"28/08/2026 09:00:00 - 28/08/2026 09:15:00","BZN|IT-South","Energy storage","n/e"
"28/08/2026 09:15:00 - 28/08/2026 09:30:00","BZN|IT-South","Energy storage","n/e"
"28/08/2026 09:30:00 - 28/08/2026 09:45:00","BZN|IT-South","Energy storage","n/e"
"28/08/2026 09:45:00 - 28/08/2026 10:00:00","BZN|IT-South","Energy storage","n/e"
"28/08/2026 10:00:00 - 28/08/2026 10:15:00","BZN|IT-South","Energy storage","n/e"
"28/08/2026 10:15:00 - 28/08/2026 10:30:00","BZN|IT-South","Energy storage","n/e"
"28/08/2026 10:30:00 - 28/08/2026 10:45:00","BZN|IT-South","Energy storage","n/e"
"28/08/2026 10:45:00 - 28/08/2026 11:00:00","BZN|IT-South","Energy storage","n/e"
"28/08/2026 11:00:00 - 28/08/2026 11:15:00","BZN|IT-South","Energy storage","n/e"
"28/08/2026 11:15:00 - 28/08/2026 11:30:00","BZN|IT-South","Energy storage","n/e"
"28/08/2026 11:30:00 - 28/08/2026 11:45:00","BZN|IT-South","Energy storage","n/e"
"28/08/2026 11:45:00 - 28/08/2026 12:00:00","BZN|IT-South","Energy storage","n/e"
"28/08/2026 12:00:00 - 28/08/2026 12:15:00","BZN|IT-South","Energy storage","n/e"
"28/08/2026 12:15:00 - 28/08/2026 12:30:00","BZN|IT-South","Energy storage","n/e"
"28/08/2026 12:30:00 - 28/08/2026 12:45:00","BZN|IT-South","Energy storage","n/e"
"28/08/2026 12:45:00 - 28/08/2026 13:00:00","BZN|IT-South","Energy storage","n/e"
"28/08/2026 13:00:00 - 28/08/2026 13:15:00","BZN|IT-South","Energy storage","n/e"
"28/08/2026 13:15:00 - 28/08/2026 13:30:00","BZN|IT-South","Energy storage","n/e"
"28/08/2026 13:30:00 - 28/08/2026 13:45:00","BZN|IT-South","Energy storage","n/e"
"28/08/2026 13:45:00 - 28/08/2026 14:00:00","BZN|IT-South","Energy storage","n/e"
"28/08/2026 14:00:00 - 28/08/2026 14:15:00","BZN|IT-South","Energy storage","n/e"
"28/08/2026 14:15:00 - 28/08/2026 14:30:00","BZN|IT-South","Energy storage","n/e"
"28/08/2026 14:30:00 - 28/08/2026 14:45:00","BZN|IT-South","Energy storage","n/e"
"28/08/2026 14:45:00 - 28/08/2026 15:00:00","BZN|IT-South","Energy storage","n/e"
"28/08/2026 15:00:00 - 28/08/2026 15:15:00","BZN|IT-South","Energy storage","n/e"
"28/08/2026 15:15:00 - 28/08/2026 15:30:00","BZN|IT-South","Energy storage","n/e"
"28/08/2026 15:30:00 - 28/08/2026 15:45:00","BZN|IT-South","Energy storage","n/e"
"28/08/2026 15:45:00 - 28/08/2026 16:00:00","BZN|IT-South","Energy storage","n/e"
"28/08/2026 16:00:00 - 28/08/2026 16:15:00","BZN|IT-South","Energy storage","n/e"
"28/08/2026 16:15:00 - 28/08/2026 16:30:00","BZN|IT-South","Energy storage","n/e"
"28/08/2026 16:30:00 - 28/08/2026 16:45:00","BZN|IT-South","Energy storage","n/e"
"28/08/2026 16:45:00 - 28/08/2026 17:00:00","BZN|IT-South","Energy storage","n/e"
"28/08/2026 17:00:00 - 28/08/2026 17:15:00","BZN|IT-South","Energy storage","n/e"
"28/08/2026 17:15:00 - 28/08/2026 17:30:00","BZN|IT-South","Energy storage","n/e"
"28/08/2026 17:30:00 - 28/08/2026 17:45:00","BZN|IT-South","Energy storage","n/e"
"28/08/2026 17:45:00 - 28/08/2026 18:00:00","BZN|IT-South","Energy storage","n/e"
"28/08/2026 18:00:00 - 28/08/2026 18:15:00","BZN|IT-South","Energy storage","n/e"
"28/08/2026 18:15:00 - 28/08/2026 18:30:00","BZN|IT-South","Energy storage","n/e"
"28/08/2026 18:30:00 - 28/08/2026 18:45:00","BZN|IT-South","Energy storage","n/e"
"28/08/2026 18:45:00 - 28/08/2026 19:00:00","BZN|IT-South","Energy storage","n/e"
"28/08/2026 19:00:00 - 28/08/2026 19:15:00","BZN|IT-South","Energy storage","n/e"
"28/08/2026 19:15:00 - 28/08/2026 19:30:00","BZN|IT-South","Energy storage","n/e"
"28/08/2026 19:30:00 - 28/08/2026 19:45:00","BZN|IT-South","Energy storage","n/e"
"28/08/2026 19:45:00 - 28/08/2026 20:00:00","BZN|IT-South","Energy storage","n/e"
"28/08/2026 20:00:00 - 28/08/2026 20:15:00","BZN|IT-South","Energy storage","n/e"
"28/08/2026 20:15:00 - 28/08/2026 20:30:00","BZN|IT-South","Energy storage","n/e"
"28/08/2026 20:30:00 - 28/08/2026 20:45:00","BZN|IT-South","Energy storage","n/e"
"28/08/2026 20:45:00 - 28/08/2026 21:00:00","BZN|IT-South","Energy storage","n/e"
"28/08/2026 21:00:00 - 28/08/2026 21:15:00","BZN|IT-South","Energy storage","n/e"
"28/08/2026 21:15:00 - 28/08/2026 21:30:00","BZN|IT-South","Energy storage","n/e"
"28/08/2026 21:30:00 - 28/08/2026 21:45:00","BZN|IT-South","Energy storage","n/e"
"28/08/2026 21:45:00 - 28/08/2026 22:00:00","BZN|IT-South","Energy storage","n/e"
"28/08/2026 22:00:00 - 28/08/2026 22:15:00","BZN|IT-South","Energy storage","n/e"
"28/08/2026 22:15:00 - 28/08/2026 22:30:00","BZN|IT-South","Energy storage","n/e"
"28/08/2026 22:30:00 - 28/08/2026 22:45:00","BZN|IT-South","Energy storage","n/e"
"28/08/2026 22:45:00 - 28/08/2026 23:00:00","BZN|IT-South","Energy storage","n/e"
"28/08/2026 23:00:00 - 28/08/2026 23:15:00","BZN|IT-South","Energy storage","n/e"
"28/08/2026 23:15:00 - 28/08/2026 23:30:00","BZN|IT-South","Energy storage","n/e"
"28/08/2026 23:30:00 - 28/08/2026 23:45:00","BZN|IT-South","Energy storage","n/e"
"28/08/2026 23:45:00 - 29/08/2026 00:00:00","BZN|IT-South","Energy storage","n/e"
"28/08/2026 00:00:00 - 28/08/2026 00:15:00","BZN|IT-South","Fossil Brown coal/Lignite","n/e"
"28/08/2026 00:15:00 - 28/08/2026 00:30:00","BZN|IT-South","Fossil Brown coal/Lignite","n/e"
"28/08/2026 00:30:00 - 28/08/2026 00:45:00","BZN|IT-South","Fossil Brown coal/Lignite","n/e"
"28/08/2026 00:45:00 - 28/08/2026 01:00:00","BZN|IT-South","Fossil Brown coal/Lignite","n/e"
"28/08/2026 01:00:00 - 28/08/2026 01:15:00","BZN|IT-South","Fossil Brown coal/Lignite","n/e"
"28/08/2026 01:15:00 - 28/08/2026 01:30:00","BZN|IT-South","Fossil Brown coal/Lignite","n/e"
"28/08/2026 01:30:00 - 28/08/2026 01:45:00","BZN|IT-South","Fossil Brown coal/Lignite","n/e"
"28/08/2026 01:45:00 - 28/08/2026 02:00:00","BZN|IT-South","Fossil Brown coal/Lignite","n/e"
"28/08/2026 02:00:00 - 28/08/2026 02:15:00","BZN|IT-South","Fossil Brown coal/Lignite","n/e"
"28/08/2026 02:15:00 - 28/08/2026 02:30:00","BZN|IT-South","Fossil Brown coal/Lignite","n/e"
"28/08/2026 02:30:00 - 28/08/2026 02:45:00","BZN|IT-South","Fossil Brown coal/Lignite","n/e"
"28/08/2026 02:45:00 - 28/08/2026 03:00:00","BZN|IT-South","Fossil Brown coal/Lignite","n/e"
"28/08/2026 03:00:00 - 28/08/2026 03:15:00","BZN|IT-South","Fossil Brown coal/Lignite","n/e"
"28/08/2026 03:15:00 - 28/08/2026 03:30:00","BZN|IT-South","Fossil Brown coal/Lignite","n/e"
"28/08/2026 03:30:00 - 28/08/2026 03:45:00","BZN|IT-South","Fossil Brown coal/Lignite","n/e"
"28/08/2026 03:45:00 - 28/08/2026 04:00:00","BZN|IT-South","Fossil Brown coal/Lignite","n/e"
"28/08/2026 04:00:00 - 28/08/2026 04:15:00","BZN|IT-South","Fossil Brown coal/Lignite","n/e"
"28/08/2026 04:15:00 - 28/08/2026 04:30:00","BZN|IT-South","Fossil Brown coal/Lignite","n/e"
"28/08/2026 04:30:00 - 28/08/2026 04:45:00","BZN|IT-South","Fossil Brown coal/Lignite","n/e"
"28/08/2026 04:45:00 - 28/08/2026 05:00:00","BZN|IT-South","Fossil Brown coal/Lignite","n/e"
"28/08/2026 05:00:00 - 28/08/2026 05:15:00","BZN|IT-South","Fossil Brown coal/Lignite","n/e"
"28/08/2026 05:15:00 - 28/08/2026 05:30:00","BZN|IT-South","Fossil Brown coal/Lignite","n/e"
"28/08/2026 05:30:00 - 28/08/2026 05:45:00","BZN|IT-South","Fossil Brown coal/Lignite","n/e"
"28/08/2026 05:45:00 - 28/08/2026 06:00:00","BZN|IT-South","Fossil Brown coal/Lignite","n/e"
"28/08/2026 06:00:00 - 28/08/2026 06:15:00","BZN|IT-South","Fossil Brown coal/Lignite","n/e"
"28/08/2026 06:15:00 - 28/08/2026 06:30:00","BZN|IT-South","Fossil Brown coal/Lignite","n/e"
"28/08/2026 06:30:00 - 28/08/2026 06:45:00","BZN|IT-South","Fossil Brown coal/Lignite","n/e"
"28/08/2026 06:45:00 - 28/08/2026 07:00:00","BZN|IT-South","Fossil Brown coal/Lignite","n/e"
"28/08/2026 07:00:00 - 28/08/2026 07:15:00","BZN|IT-South","Fossil Brown coal/Lignite","n/e"
"28/08/2026 07:15:00 - 28/08/2026 07:30:00","BZN|IT-South","Fossil Brown coal/Lignite","n/e"
"28/08/2026 07:30:00 - 28/08/2026 07:45:00","BZN|IT-South","Fossil Brown coal/Lignite","n/e"
"28/08/2026 07:45:00 - 28/08/2026 08:00:00","BZN|IT-South","Fossil Brown coal/Lignite","n/e"
"28/08/2026 08:00:00 - 28/08/2026 08:15:00","BZN|IT-South","Fossil Brown coal/Lignite","n/e"
"28/08/2026 08:15:00 - 28/08/2026 08:30:00","BZN|IT-South","Fossil Brown coal/Lignite","n/e"
"28/08/2026 08:30:00 - 28/08/2026 08:45:00","BZN|IT-South","Fossil Brown coal/Lignite","n/e"
"28/08/2026 08:45:00 - 28/08/2026 09:00:00","BZN|IT-South","Fossil Brown coal/Lignite","n/e"
"28/08/2026 09:00:00 - 28/08/2026 09:15:00","BZN|IT-South","Fossil Brown coal/Lignite","n/e"
"28/08/2026 09:15:00 - 28/08/2026 09:30:00","BZN|IT-South","Fossil Brown coal/Lignite","n/e"
"28/08/2026 09:30:00 - 28/08/2026 09:45:00","BZN|IT-South","Fossil Brown coal/Lignite","n/e"
"28/08/2026 09:45:00 - 28/08/2026 10:00:00","BZN|IT-South","Fossil Brown coal/Lignite","n/e"
"28/08/2026 10:00:00 - 28/08/2026 10:15:00","BZN|IT-South","Fossil Brown coal/Lignite","n/e"
"28/08/2026 10:15:00 - 28/08/2026 10:30:00","BZN|IT-South","Fossil Brown coal/Lignite","n/e"
"28/08/2026 10:30:00 - 28/08/2026 10:45:00","BZN|IT-South","Fossil Brown coal/Lignite","n/e"
"28/08/2026 10:45:00 - 28/08/2026 11:00:00","BZN|IT-South","Fossil Brown coal/Lignite","n/e"
"28/08/2026 11:00:00 - 28/08/2026 11:15:00","BZN|IT-South","Fossil Brown coal/Lignite","n/e"
"28/08/2026 11:15:00 - 28/08/2026 11:30:00","BZN|IT-South","Fossil Brown coal/Lignite","n/e"
"28/08/2026 11:30:00 - 28/08/2026 11:45:00","BZN|IT-South","Fossil Brown coal/Lignite","n/e"
"28/08/2026 11:45:00 - 28/08/2026 12:00:00","BZN|IT-South","Fossil Brown coal/Lignite","n/e"
"28/08/2026 12:00:00 - 28/08/2026 12:15:00","BZN|IT-South","Fossil Brown coal/Lignite","n/e"
"28/08/2026 12:15:00 - 28/08/2026 12:30:00","BZN|IT-South","Fossil Brown coal/Lignite","n/e"
"28/08/2026 12:30:00 - 28/08/2026 12:45:00","BZN|IT-South","Fossil Brown coal/Lignite","n/e"
"28/08/2026 12:45:00 - 28/08/2026 13:00:00","BZN|IT-South","Fossil Brown coal/Lignite","n/e"
"28/08/2026 13:00:00 - 28/08/2026 13:15:00","BZN|IT-South","Fossil Brown coal/Lignite","n/e"
"28/08/2026 13:15:00 - 28/08/2026 13:30:00","BZN|IT-South","Fossil Brown coal/Lignite","n/e"
"28/08/2026 13:30:00 - 28/08/2026 13:45:00","BZN|IT-South","Fossil Brown coal/Lignite","n/e"
"28/08/2026 13:45:00 - 28/08/2026 14:00:00","BZN|IT-South","Fossil Brown coal/Lignite","n/e"
"28/08/2026 14:00:00 - 28/08/2026 14:15:00","BZN|IT-South","Fossil Brown coal/Lignite","n/e"
"28/08/2026 14:15:00 - 28/08/2026 14:30:00","BZN|IT-South","Fossil Brown coal/Lignite","n/e"
"28/08/2026 14:30:00 - 28/08/2026 14:45:00","BZN|IT-South","Fossil Brown coal/Lignite","n/e"
"28/08/2026 14:45:00 - 28/08/2026 15:00:00","BZN|IT-South","Fossil Brown coal/Lignite","n/e"
"28/08/2026 15:00:00 - 28/08/2026 15:15:00","BZN|IT-South","Fossil Brown coal/Lignite","n/e"
"28/08/2026 15:15:00 - 28/08/2026 15:30:00","BZN|IT-South","Fossil Brown coal/Lignite","n/e"
"28/08/2026 15:30:00 - 28/08/2026 15:45:00","BZN|IT-South","Fossil Brown coal/Lignite","n/e"
"28/08/2026 15:45:00 - 28/08/2026 16:00:00","BZN|IT-South","Fossil Brown coal/Lignite","n/e"
"28/08/2026 16:00:00 - 28/08/2026 16:15:00","BZN|IT-South","Fossil Brown coal/Lignite","n/e"
"28/08/2026 16:15:00 - 28/08/2026 16:30:00","BZN|IT-South","Fossil Brown coal/Lignite","n/e"
"28/08/2026 16:30:00 - 28/08/2026 16:45:00","BZN|IT-South","Fossil Brown coal/Lignite","n/e"
"28/08/2026 16:45:00 - 28/08/2026 17:00:00","BZN|IT-South","Fossil Brown coal/Lignite","n/e"
"28/08/2026 17:00:00 - 28/08/2026 17:15:00","BZN|IT-South","Fossil Brown coal/Lignite","n/e"
"28/08/2026 17:15:00 - 28/08/2026 17:30:00","BZN|IT-South","Fossil Brown coal/Lignite","n/e"
"28/08/2026 17:30:00 - 28/08/2026 17:45:00","BZN|IT-South","Fossil Brown coal/Lignite","n/e"
"28/08/2026 17:45:00 - 28/08/2026 18:00:00","BZN|IT-South","Fossil Brown coal/Lignite","n/e"
"28/08/2026 18:00:00 - 28/08/2026 18:15:00","BZN|IT-South","Fossil Brown coal/Lignite","n/e"
"28/08/2026 18:15:00 - 28/08/2026 18:30:00","BZN|IT-South","Fossil Brown coal/Lignite","n/e"
"28/08/2026 18:30:00 - 28/08/2026 18:45:00","BZN|IT-South","Fossil Brown coal/Lignite","n/e"
"28/08/2026 18:45:00 - 28/08/2026 19:00:00","BZN|IT-South","Fossil Brown coal/Lignite","n/e"
"28/08/2026 19:00:00 - 28/08/2026 19:15:00","BZN|IT-South","Fossil Brown coal/Lignite","n/e"
"28/08/2026 19:15:00 - 28/08/2026 19:30:00","BZN|IT-South","Fossil Brown coal/Lignite","n/e"
"28/08/2026 19:30:00 - 28/08/2026 19:45:00","BZN|IT-South","Fossil Brown coal/Lignite","n/e"
"28/08/2026 19:45:00 - 28/08/2026 20:00:00","BZN|IT-South","Fossil Brown coal/Lignite","n/e"
"28/08/2026 20:00:00 - 28/08/2026 20:15:00","BZN|IT-South","Fossil Brown coal/Lignite","n/e"
"28/08/2026 20:15:00 - 28/08/2026 20:30:00","BZN|IT-South","Fossil Brown coal/Lignite","n/e"
"28/08/2026 20:30:00 - 28/08/2026 20:45:00","BZN|IT-South","Fossil Brown coal/Lignite","n/e"
"28/08/2026 20:45:00 - 28/08/2026 21:00:00","BZN|IT-South","Fossil Brown coal/Lignite","n/e"
"28/08/2026 21:00:00 - 28/08/2026 21:15:00","BZN|IT-South","Fossil Brown coal/Lignite","n/e"
"28/08/2026 21:15:00 - 28/08/2026 21:30:00","BZN|IT-South","Fossil Brown coal/Lignite","n/e"
"28/08/2026 21:30:00 - 28/08/2026 21:45:00","BZN|IT-South","Fossil Brown coal/Lignite","n/e"
"28/08/2026 21:45:00 - 28/08/2026 22:00:00","BZN|IT-South","Fossil Brown coal/Lignite","n/e"
"28/08/2026 22:00:00 - 28/08/2026 22:15:00","BZN|IT-South","Fossil Brown coal/Lignite","n/e"
"28/08/2026 22:15:00 - 28/08/2026 22:30:00","BZN|IT-South","Fossil Brown coal/Lignite","n/e"
"28/08/2026 22:30:00 - 28/08/2026 22:45:00","BZN|IT-South","Fossil Brown coal/Lignite","n/e"
"28/08/2026 22:45:00 - 28/08/2026 23:00:00","BZN|IT-South","Fossil Brown coal/Lignite","n/e"
"28/08/2026 23:00:00 - 28/08/2026 23:15:00","BZN|IT-South","Fossil Brown coal/Lignite","n/e"
"28/08/2026 23:15:00 - 28/08/2026 23:30:00","BZN|IT-South","Fossil Brown coal/Lignite","n/e"
"28/08/2026 23:30:00 - 28/08/2026 23:45:00","BZN|IT-South","Fossil Brown coal/Lignite","n/e"
"28/08/2026 23:45:00 - 29/08/2026 00:00:00","BZN|IT-South","Fossil Brown coal/Lignite","n/e"
"28/08/2026 00:00:00 - 28/08/2026 00:15:00","BZN|IT-South","Fossil Coal-derived gas","0.00"
"28/08/2026 00:15:00 - 28/08/2026 00:30:00","BZN|IT-South","Fossil Coal-derived gas","0.00"
"28/08/2026 00:30:00 - 28/08/2026 00:45:00","BZN|IT-South","Fossil Coal-derived gas","0.00"
"28/08/2026 00:45:00 - 28/08/2026 01:00:00","BZN|IT-South","Fossil Coal-derived gas","0.00"
"28/08/2026 01:00:00 - 28/08/2026 01:15:00","BZN|IT-South","Fossil Coal-derived gas","0.00"
"28/08/2026 01:15:00 - 28/08/2026 01:30:00","BZN|IT-South","Fossil Coal-derived gas","0.00"
"28/08/2026 01:30:00 - 28/08/2026 01:45:00","BZN|IT-South","Fossil Coal-derived gas","0.00"
"28/08/2026 01:45:00 - 28/08/2026 02:00:00","BZN|IT-South","Fossil Coal-derived gas","0.00"
"28/08/2026 02:00:00 - 28/08/2026 02:15:00","BZN|IT-South","Fossil Coal-derived gas","0.00"
"28/08/2026 02:15:00 - 28/08/2026 02:30:00","BZN|IT-South","Fossil Coal-derived gas","0.00"
"28/08/2026 02:30:00 - 28/08/2026 02:45:00","BZN|IT-South","Fossil Coal-derived gas","0.00"
"28/08/2026 02:45:00 - 28/08/2026 03:00:00","BZN|IT-South","Fossil Coal-derived gas","0.00"
"28/08/2026 03:00:00 - 28/08/2026 03:15:00","BZN|IT-South","Fossil Coal-derived gas","0.00"
"28/08/2026 03:15:00 - 28/08/2026 03:30:00","BZN|IT-South","Fossil Coal-derived gas","0.00"
"28/08/2026 03:30:00 - 28/08/2026 03:45:00","BZN|IT-South","Fossil Coal-derived gas","0.00"
"28/08/2026 03:45:00 - 28/08/2026 04:00:00","BZN|IT-South","Fossil Coal-derived gas","0.00"
"28/08/2026 04:00:00 - 28/08/2026 04:15:00","BZN|IT-South","Fossil Coal-derived gas","0.00"
"28/08/2026 04:15:00 - 28/08/2026 04:30:00","BZN|IT-South","Fossil Coal-derived gas","0.00"
"28/08/2026 04:30:00 - 28/08/2026 04:45:00","BZN|IT-South","Fossil Coal-derived gas","0.00"
"28/08/2026 04:45:00 - 28/08/2026 05:00:00","BZN|IT-South","Fossil Coal-derived gas","0.00"
"28/08/2026 05:00:00 - 28/08/2026 05:15:00","BZN|IT-South","Fossil Coal-derived gas","0.00"
"28/08/2026 05:15:00 - 28/08/2026 05:30:00","BZN|IT-South","Fossil Coal-derived gas","0.00"
"28/08/2026 05:30:00 - 28/08/2026 05:45:00","BZN|IT-South","Fossil Coal-derived gas","0.00"
"28/08/2026 05:45:00 - 28/08/2026 06:00:00","BZN|IT-South","Fossil Coal-derived gas","0.00"
"28/08/2026 06:00:00 - 28/08/2026 06:15:00","BZN|IT-South","Fossil Coal-derived gas","0.00"
"28/08/2026 06:15:00 - 28/08/2026 06:30:00","BZN|IT-South","Fossil Coal-derived gas","0.00"
"28/08/2026 06:30:00 - 28/08/2026 06:45:00","BZN|IT-South","Fossil Coal-derived gas","0.00"
"28/08/2026 06:45:00 - 28/08/2026 07:00:00","BZN|IT-South","Fossil Coal-derived gas","0.00"
"28/08/2026 07:00:00 - 28/08/2026 07:15:00","BZN|IT-South","Fossil Coal-derived gas","0.00"
"28/08/2026 07:15:00 - 28/08/2026 07:30:00","BZN|IT-South","Fossil Coal-derived gas","0.00"
"28/08/2026 07:30:00 - 28/08/2026 07:45:00","BZN|IT-South","Fossil Coal-derived gas","0.00"
"28/08/2026 07:45:00 - 28/08/2026 08:00:00","BZN|IT-South","Fossil Coal-derived gas","0.00"
"28/08/2026 08:00:00 - 28/08/2026 08:15:00","BZN|IT-South","Fossil Coal-derived gas","0.00"
"28/08/2026 08:15:00 - 28/08/2026 08:30:00","BZN|IT-South","Fossil Coal-derived gas","0.00"
"28/08/2026 08:30:00 - 28/08/2026 08:45:00","BZN|IT-South","Fossil Coal-derived gas","0.00"
"28/08/2026 08:45:00 - 28/08/2026 09:00:00","BZN|IT-South","Fossil Coal-derived gas","0.00"
"28/08/2026 09:00:00 - 28/08/2026 09:15:00","BZN|IT-South","Fossil Coal-derived gas","0.00"
"28/08/2026 09:15:00 - 28/08/2026 09:30:00","BZN|IT-South","Fossil Coal-derived gas","0.00"
"28/08/2026 09:30:00 - 28/08/2026 09:45:00","BZN|IT-South","Fossil Coal-derived gas","0.00"
"28/08/2026 09:45:00 - 28/08/2026 10:00:00","BZN|IT-South","Fossil Coal-derived gas","0.00"
"28/08/2026 10:00:00 - 28/08/2026 10:15:00","BZN|IT-South","Fossil Coal-derived gas","0.00"
"28/08/2026 10:15:00 - 28/08/2026 10:30:00","BZN|IT-South","Fossil Coal-derived gas","0.00"
"28/08/2026 10:30:00 - 28/08/2026 10:45:00","BZN|IT-South","Fossil Coal-derived gas","0.00"
"28/08/2026 10:45:00 - 28/08/2026 11:00:00","BZN|IT-South","Fossil Coal-derived gas","0.00"
"28/08/2026 11:00:00 - 28/08/2026 11:15:00","BZN|IT-South","Fossil Coal-derived gas","0.00"
"28/08/2026 11:15:00 - 28/08/2026 11:30:00","BZN|IT-South","Fossil Coal-derived gas","0.00"
"28/08/2026 11:30:00 - 28/08/2026 11:45:00","BZN|IT-South","Fossil Coal-derived gas","0.00"
"28/08/2026 11:45:00 - 28/08/2026 12:00:00","BZN|IT-South","Fossil Coal-derived gas","0.00"
"28/08/2026 12:00:00 - 28/08/2026 12:15:00","BZN|IT-South","Fossil Coal-derived gas","-"
"28/08/2026 12:15:00 - 28/08/2026 12:30:00","BZN|IT-South","Fossil Coal-derived gas","-"
"28/08/2026 12:30:00 - 28/08/2026 12:45:00","BZN|IT-South","Fossil Coal-derived gas","-"
"28/08/2026 12:45:00 - 28/08/2026 13:00:00","BZN|IT-South","Fossil Coal-derived gas","-"
"28/08/2026 13:00:00 - 28/08/2026 13:15:00","BZN|IT-South","Fossil Coal-derived gas","-"
"28/08/2026 13:15:00 - 28/08/2026 13:30:00","BZN|IT-South","Fossil Coal-derived gas","-"
"28/08/2026 13:30:00 - 28/08/2026 13:45:00","BZN|IT-South","Fossil Coal-derived gas","-"
"28/08/2026 13:45:00 - 28/08/2026 14:00:00","BZN|IT-South","Fossil Coal-derived gas","-"
"28/08/2026 14:00:00 - 28/08/2026 14:15:00","BZN|IT-South","Fossil Coal-derived gas","-"
"28/08/2026 14:15:00 - 28/08/2026 14:30:00","BZN|IT-South","Fossil Coal-derived gas","-"
"28/08/2026 14:30:00 - 28/08/2026 14:45:00","BZN|IT-South","Fossil Coal-derived gas","-"
"28/08/2026 14:45:00 - 28/08/2026 15:00:00","BZN|IT-South","Fossil Coal-derived gas","-"
"28/08/2026 15:00:00 - 28/08/2026 15:15:00","BZN|IT-South","Fossil Coal-derived gas","-"
"28/08/2026 15:15:00 - 28/08/2026 15:30:00","BZN|IT-South","Fossil Coal-derived gas","-"
"28/08/2026 15:30:00 - 28/08/2026 15:45:00","BZN|IT-South","Fossil Coal-derived gas","-"
"28/08/2026 15:45:00 - 28/08/2026 16:00:00","BZN|IT-South","Fossil Coal-derived gas","-"
"28/08/2026 16:00:00 - 28/08/2026 16:15:00","BZN|IT-South","Fossil Coal-derived gas","-"
"28/08/2026 16:15:00 - 28/08/2026 16:30:00","BZN|IT-South","Fossil Coal-derived gas","-"
"28/08/2026 16:30:00 - 28/08/2026 16:45:00","BZN|IT-South","Fossil Coal-derived gas","-"
"28/08/2026 16:45:00 - 28/08/2026 17:00:00","BZN|IT-South","Fossil Coal-derived gas","-"
"28/08/2026 17:00:00 - 28/08/2026 17:15:00","BZN|IT-South","Fossil Coal-derived gas","-"
"28/08/2026 17:15:00 - 28/08/2026 17:30:00","BZN|IT-South","Fossil Coal-derived gas","-"
"28/08/2026 17:30:00 - 28/08/2026 17:45:00","BZN|IT-South","Fossil Coal-derived gas","-"
"28/08/2026 17:45:00 - 28/08/2026 18:00:00","BZN|IT-South","Fossil Coal-derived gas","-"
"28/08/2026 18:00:00 - 28/08/2026 18:15:00","BZN|IT-South","Fossil Coal-derived gas","-"
"28/08/2026 18:15:00 - 28/08/2026 18:30:00","BZN|IT-South","Fossil Coal-derived gas","-"
"28/08/2026 18:30:00 - 28/08/2026 18:45:00","BZN|IT-South","Fossil Coal-derived gas","-"
"28/08/2026 18:45:00 - 28/08/2026 19:00:00","BZN|IT-South","Fossil Coal-derived gas","-"
"28/08/2026 19:00:00 - 28/08/2026 19:15:00","BZN|IT-South","Fossil Coal-derived gas","-"
"28/08/2026 19:15:00 - 28/08/2026 19:30:00","BZN|IT-South","Fossil Coal-derived gas","-"
"28/08/2026 19:30:00 - 28/08/2026 19:45:00","BZN|IT-South","Fossil Coal-derived gas","-"
"28/08/2026 19:45:00 - 28/08/2026 20:00:00","BZN|IT-South","Fossil Coal-derived gas","-"
"28/08/2026 20:00:00 - 28/08/2026 20:15:00","BZN|IT-South","Fossil Coal-derived gas","-"
"28/08/2026 20:15:00 - 28/08/2026 20:30:00","BZN|IT-South","Fossil Coal-derived gas","-"
"28/08/2026 20:30:00 - 28/08/2026 20:45:00","BZN|IT-South","Fossil Coal-derived gas","-"
"28/08/2026 20:45:00 - 28/08/2026 21:00:00","BZN|IT-South","Fossil Coal-derived gas","-"
"28/08/2026 21:00:00 - 28/08/2026 21:15:00","BZN|IT-South","Fossil Coal-derived gas","-"
"28/08/2026 21:15:00 - 28/08/2026 21:30:00","BZN|IT-South","Fossil Coal-derived gas","-"
"28/08/2026 21:30:00 - 28/08/2026 21:45:00","BZN|IT-South","Fossil Coal-derived gas","-"
"28/08/2026 21:45:00 - 28/08/2026 22:00:00","BZN|IT-South","Fossil Coal-derived gas","-"
"28/08/2026 22:00:00 - 28/08/2026 22:15:00","BZN|IT-South","Fossil Coal-derived gas","-"
"28/08/2026 22:15:00 - 28/08/2026 22:30:00","BZN|IT-South","Fossil Coal-derived gas","-"
"28/08/2026 22:30:00 - 28/08/2026 22:45:00","BZN|IT-South","Fossil Coal-derived gas","-"
"28/08/2026 22:45:00 - 28/08/2026 23:00:00","BZN|IT-South","Fossil Coal-derived gas","-"
"28/08/2026 23:00:00 - 28/08/2026 23:15:00","BZN|IT-South","Fossil Coal-derived gas","-"
"28/08/2026 23:15:00 - 28/08/2026 23:30:00","BZN|IT-South","Fossil Coal-derived gas","-"
"28/08/2026 23:30:00 - 28/08/2026 23:45:00","BZN|IT-South","Fossil Coal-derived gas","-"
"28/08/2026 23:45:00 - 29/08/2026 00:00:00","BZN|IT-South","Fossil Coal-derived gas","-"
"28/08/2026 00:00:00 - 28/08/2026 00:15:00","BZN|IT-South","Fossil Gas","2582.00"
"28/08/2026 00:15:00 - 28/08/2026 00:30:00","BZN|IT-South","Fossil Gas","2556.00"
"28/08/2026 00:30:00 - 28/08/2026 00:45:00","BZN|IT-South","Fossil Gas","2487.00"
"28/08/2026 00:45:00 - 28/08/2026 01:00:00","BZN|IT-South","Fossil Gas","1982.00"
"28/08/2026 01:00:00 - 28/08/2026 01:15:00","BZN|IT-South","Fossil Gas","1949.00"
"28/08/2026 01:15:00 - 28/08/2026 01:30:00","BZN|IT-South","Fossil Gas","1927.00"
"28/08/2026 01:30:00 - 28/08/2026 01:45:00","BZN|IT-South","Fossil Gas","1932.00"
"28/08/2026 01:45:00 - 28/08/2026 02:00:00","BZN|IT-South","Fossil Gas","1940.00"
"28/08/2026 02:00:00 - 28/08/2026 02:15:00","BZN|IT-South","Fossil Gas","1992.00"
"28/08/2026 02:15:00 - 28/08/2026 02:30:00","BZN|IT-South","Fossil Gas","1997.00"
"28/08/2026 02:30:00 - 28/08/2026 02:45:00","BZN|IT-South","Fossil Gas","2143.00"
"28/08/2026 02:45:00 - 28/08/2026 03:00:00","BZN|IT-South","Fossil Gas","2061.00"
"28/08/2026 03:00:00 - 28/08/2026 03:15:00","BZN|IT-South","Fossil Gas","2104.00"
"28/08/2026 03:15:00 - 28/08/2026 03:30:00","BZN|IT-South","Fossil Gas","2145.00"
"28/08/2026 03:30:00 - 28/08/2026 03:45:00","BZN|IT-South","Fossil Gas","2170.00"
"28/08/2026 03:45:00 - 28/08/2026 04:00:00","BZN|IT-South","Fossil Gas","2289.00"
"28/08/2026 04:00:00 - 28/08/2026 04:15:00","BZN|IT-South","Fossil Gas","2284.00"
"28/08/2026 04:15:00 - 28/08/2026 04:30:00","BZN|IT-South","Fossil Gas","2267.00"
"28/08/2026 04:30:00 - 28/08/2026 04:45:00","BZN|IT-South","Fossil Gas","2273.00"
"28/08/2026 04:45:00 - 28/08/2026 05:00:00","BZN|IT-South","Fossil Gas","2318.00"
"28/08/2026 05:00:00 - 28/08/2026 05:15:00","BZN|IT-South","Fossil Gas","2360.00"
"28/08/2026 05:15:00 - 28/08/2026 05:30:00","BZN|IT-South","Fossil Gas","2419.00"
"28/08/2026 05:30:00 - 28/08/2026 05:45:00","BZN|IT-South","Fossil Gas","2372.00"
"28/08/2026 05:45:00 - 28/08/2026 06:00:00","BZN|IT-South","Fossil Gas","2299.00"
"28/08/2026 06:00:00 - 28/08/2026 06:15:00","BZN|IT-South","Fossil Gas","2373.00"
"28/08/2026 06:15:00 - 28/08/2026 06:30:00","BZN|IT-South","Fossil Gas","2428.00"
"28/08/2026 06:30:00 - 28/08/2026 06:45:00","BZN|IT-South","Fossil Gas","2425.00"
"28/08/2026 06:45:00 - 28/08/2026 07:00:00","BZN|IT-South","Fossil Gas","2304.00"
"28/08/2026 07:00:00 - 28/08/2026 07:15:00","BZN|IT-South","Fossil Gas","2418.00"
"28/08/2026 07:15:00 - 28/08/2026 07:30:00","BZN|IT-South","Fossil Gas","2423.00"
"28/08/2026 07:30:00 - 28/08/2026 07:45:00","BZN|IT-South","Fossil Gas","2391.00"
"28/08/2026 07:45:00 - 28/08/2026 08:00:00","BZN|IT-South","Fossil Gas","2332.00"
"28/08/2026 08:00:00 - 28/08/2026 08:15:00","BZN|IT-South","Fossil Gas","2389.00"
"28/08/2026 08:15:00 - 28/08/2026 08:30:00","BZN|IT-South","Fossil Gas","2377.00"
"28/08/2026 08:30:00 - 28/08/2026 08:45:00","BZN|IT-South","Fossil Gas","2315.00"
"28/08/2026 08:45:00 - 28/08/2026 09:00:00","BZN|IT-South","Fossil Gas","2281.00"
"28/08/2026 09:00:00 - 28/08/2026 09:15:00","BZN|IT-South","Fossil Gas","2318.00"
"28/08/2026 09:15:00 - 28/08/2026 09:30:00","BZN|IT-South","Fossil Gas","2328.00"
"28/08/2026 09:30:00 - 28/08/2026 09:45:00","BZN|IT-South","Fossil Gas","2252.00"
"28/08/2026 09:45:00 - 28/08/2026 10:00:00","BZN|IT-South","Fossil Gas","2272.00"
"28/08/2026 10:00:00 - 28/08/2026 10:15:00","BZN|IT-South","Fossil Gas","2161.00"
"28/08/2026 10:15:00 - 28/08/2026 10:30:00","BZN|IT-South","Fossil Gas","2061.00"
"28/08/2026 10:30:00 - 28/08/2026 10:45:00","BZN|IT-South","Fossil Gas","1799.00"
"28/08/2026 10:45:00 - 28/08/2026 11:00:00","BZN|IT-South","Fossil Gas","1893.00"
"28/08/2026 11:00:00 - 28/08/2026 11:15:00","BZN|IT-South","Fossil Gas","1846.00"
"28/08/2026 11:15:00 - 28/08/2026 11:30:00","BZN|IT-South","Fossil Gas","1800.00"
"28/08/2026 11:30:00 - 28/08/2026 11:45:00","BZN|IT-South","Fossil Gas","1775.00"
"28/08/2026 11:45:00 - 28/08/2026 12:00:00","BZN|IT-South","Fossil Gas","1776.00"
"28/08/2026 12:00:00 - 28/08/2026 12:15:00","BZN|IT-South","Fossil Gas","-"
"28/08/2026 12:15:00 - 28/08/2026 12:30:00","BZN|IT-South","Fossil Gas","-"
"28/08/2026 12:30:00 - 28/08/2026 12:45:00","BZN|IT-South","Fossil Gas","-"
"28/08/2026 12:45:00 - 28/08/2026 13:00:00","BZN|IT-South","Fossil Gas","-"
"28/08/2026 13:00:00 - 28/08/2026 13:15:00","BZN|IT-South","Fossil Gas","-"
"28/08/2026 13:15:00 - 28/08/2026 13:30:00","BZN|IT-South","Fossil Gas","-"
"28/08/2026 13:30:00 - 28/08/2026 13:45:00","BZN|IT-South","Fossil Gas","-"
"28/08/2026 13:45:00 - 28/08/2026 14:00:00","BZN|IT-South","Fossil Gas","-"
"28/08/2026 14:00:00 - 28/08/2026 14:15:00","BZN|IT-South","Fossil Gas","-"
"28/08/2026 14:15:00 - 28/08/2026 14:30:00","BZN|IT-South","Fossil Gas","-"
"28/08/2026 14:30:00 - 28/08/2026 14:45:00","BZN|IT-South","Fossil Gas","-"
"28/08/2026 14:45:00 - 28/08/2026 15:00:00","BZN|IT-South","Fossil Gas","-"
"28/08/2026 15:00:00 - 28/08/2026 15:15:00","BZN|IT-South","Fossil Gas","-"
"28/08/2026 15:15:00 - 28/08/2026 15:30:00","BZN|IT-South","Fossil Gas","-"
"28/08/2026 15:30:00 - 28/08/2026 15:45:00","BZN|IT-South","Fossil Gas","-"
"28/08/2026 15:45:00 - 28/08/2026 16:00:00","BZN|IT-South","Fossil Gas","-"
"28/08/2026 16:00:00 - 28/08/2026 16:15:00","BZN|IT-South","Fossil Gas","-"
"28/08/2026 16:15:00 - 28/08/2026 16:30:00","BZN|IT-South","Fossil Gas","-"
"28/08/2026 16:30:00 - 28/08/2026 16:45:00","BZN|IT-South","Fossil Gas","-"
"28/08/2026 16:45:00 - 28/08/2026 17:00:00","BZN|IT-South","Fossil Gas","-"
"28/08/2026 17:00:00 - 28/08/2026 17:15:00","BZN|IT-South","Fossil Gas","-"
"28/08/2026 17:15:00 - 28/08/2026 17:30:00","BZN|IT-South","Fossil Gas","-"
"28/08/2026 17:30:00 - 28/08/2026 17:45:00","BZN|IT-South","Fossil Gas","-"
"28/08/2026 17:45:00 - 28/08/2026 18:00:00","BZN|IT-South","Fossil Gas","-"
"28/08/2026 18:00:00 - 28/08/2026 18:15:00","BZN|IT-South","Fossil Gas","-"
"28/08/2026 18:15:00 - 28/08/2026 18:30:00","BZN|IT-South","Fossil Gas","-"
"28/08/2026 18:30:00 - 28/08/2026 18:45:00","BZN|IT-South","Fossil Gas","-"
"28/08/2026 18:45:00 - 28/08/2026 19:00:00","BZN|IT-South","Fossil Gas","-"
"28/08/2026 19:00:00 - 28/08/2026 19:15:00","BZN|IT-South","Fossil Gas","-"
"28/08/2026 19:15:00 - 28/08/2026 19:30:00","BZN|IT-South","Fossil Gas","-"
"28/08/2026 19:30:00 - 28/08/2026 19:45:00","BZN|IT-South","Fossil Gas","-"
"28/08/2026 19:45:00 - 28/08/2026 20:00:00","BZN|IT-South","Fossil Gas","-"
"28/08/2026 20:00:00 - 28/08/2026 20:15:00","BZN|IT-South","Fossil Gas","-"
"28/08/2026 20:15:00 - 28/08/2026 20:30:00","BZN|IT-South","Fossil Gas","-"
"28/08/2026 20:30:00 - 28/08/2026 20:45:00","BZN|IT-South","Fossil Gas","-"
"28/08/2026 20:45:00 - 28/08/2026 21:00:00","BZN|IT-South","Fossil Gas","-"
"28/08/2026 21:00:00 - 28/08/2026 21:15:00","BZN|IT-South","Fossil Gas","-"
"28/08/2026 21:15:00 - 28/08/2026 21:30:00","BZN|IT-South","Fossil Gas","-"
"28/08/2026 21:30:00 - 28/08/2026 21:45:00","BZN|IT-South","Fossil Gas","-"
"28/08/2026 21:45:00 - 28/08/2026 22:00:00","BZN|IT-South","Fossil Gas","-"
"28/08/2026 22:00:00 - 28/08/2026 22:15:00","BZN|IT-South","Fossil Gas","-"
"28/08/2026 22:15:00 - 28/08/2026 22:30:00","BZN|IT-South","Fossil Gas","-"
"28/08/2026 22:30:00 - 28/08/2026 22:45:00","BZN|IT-South","Fossil Gas","-"
"28/08/2026 22:45:00 - 28/08/2026 23:00:00","BZN|IT-South","Fossil Gas","-"
"28/08/2026 23:00:00 - 28/08/2026 23:15:00","BZN|IT-South","Fossil Gas","-"
"28/08/2026 23:15:00 - 28/08/2026 23:30:00","BZN|IT-South","Fossil Gas","-"
"28/08/2026 23:30:00 - 28/08/2026 23:45:00","BZN|IT-South","Fossil Gas","-"
"28/08/2026 23:45:00 - 29/08/2026 00:00:00","BZN|IT-South","Fossil Gas","-"
"28/08/2026 00:00:00 - 28/08/2026 00:15:00","BZN|IT-South","Fossil Hard coal"," "
"28/08/2026 00:15:00 - 28/08/2026 00:30:00","BZN|IT-South","Fossil Hard coal"," "
"28/08/2026 00:30:00 - 28/08/2026 00:45:00","BZN|IT-South","Fossil Hard coal"," "
"28/08/2026 00:45:00 - 28/08/2026 01:00:00","BZN|IT-South","Fossil Hard coal"," "
"28/08/2026 01:00:00 - 28/08/2026 01:15:00","BZN|IT-South","Fossil Hard coal"," "
"28/08/2026 01:15:00 - 28/08/2026 01:30:00","BZN|IT-South","Fossil Hard coal"," "
"28/08/2026 01:30:00 - 28/08/2026 01:45:00","BZN|IT-South","Fossil Hard coal"," "
"28/08/2026 01:45:00 - 28/08/2026 02:00:00","BZN|IT-South","Fossil Hard coal"," "
"28/08/2026 02:00:00 - 28/08/2026 02:15:00","BZN|IT-South","Fossil Hard coal"," "
"28/08/2026 02:15:00 - 28/08/2026 02:30:00","BZN|IT-South","Fossil Hard coal"," "
"28/08/2026 02:30:00 - 28/08/2026 02:45:00","BZN|IT-South","Fossil Hard coal"," "
"28/08/2026 02:45:00 - 28/08/2026 03:00:00","BZN|IT-South","Fossil Hard coal"," "
"28/08/2026 03:00:00 - 28/08/2026 03:15:00","BZN|IT-South","Fossil Hard coal"," "
"28/08/2026 03:15:00 - 28/08/2026 03:30:00","BZN|IT-South","Fossil Hard coal"," "
"28/08/2026 03:30:00 - 28/08/2026 03:45:00","BZN|IT-South","Fossil Hard coal"," "
"28/08/2026 03:45:00 - 28/08/2026 04:00:00","BZN|IT-South","Fossil Hard coal"," "
"28/08/2026 04:00:00 - 28/08/2026 04:15:00","BZN|IT-South","Fossil Hard coal"," "
"28/08/2026 04:15:00 - 28/08/2026 04:30:00","BZN|IT-South","Fossil Hard coal"," "
"28/08/2026 04:30:00 - 28/08/2026 04:45:00","BZN|IT-South","Fossil Hard coal"," "
"28/08/2026 04:45:00 - 28/08/2026 05:00:00","BZN|IT-South","Fossil Hard coal"," "
"28/08/2026 05:00:00 - 28/08/2026 05:15:00","BZN|IT-South","Fossil Hard coal"," "
"28/08/2026 05:15:00 - 28/08/2026 05:30:00","BZN|IT-South","Fossil Hard coal"," "
"28/08/2026 05:30:00 - 28/08/2026 05:45:00","BZN|IT-South","Fossil Hard coal"," "
"28/08/2026 05:45:00 - 28/08/2026 06:00:00","BZN|IT-South","Fossil Hard coal"," "
"28/08/2026 06:00:00 - 28/08/2026 06:15:00","BZN|IT-South","Fossil Hard coal"," "
"28/08/2026 06:15:00 - 28/08/2026 06:30:00","BZN|IT-South","Fossil Hard coal"," "
"28/08/2026 06:30:00 - 28/08/2026 06:45:00","BZN|IT-South","Fossil Hard coal"," "
"28/08/2026 06:45:00 - 28/08/2026 07:00:00","BZN|IT-South","Fossil Hard coal"," "
"28/08/2026 07:00:00 - 28/08/2026 07:15:00","BZN|IT-South","Fossil Hard coal"," "
"28/08/2026 07:15:00 - 28/08/2026 07:30:00","BZN|IT-South","Fossil Hard coal"," "
"28/08/2026 07:30:00 - 28/08/2026 07:45:00","BZN|IT-South","Fossil Hard coal"," "
"28/08/2026 07:45:00 - 28/08/2026 08:00:00","BZN|IT-South","Fossil Hard coal"," "
"28/08/2026 08:00:00 - 28/08/2026 08:15:00","BZN|IT-South","Fossil Hard coal"," "
"28/08/2026 08:15:00 - 28/08/2026 08:30:00","BZN|IT-South","Fossil Hard coal"," "
"28/08/2026 08:30:00 - 28/08/2026 08:45:00","BZN|IT-South","Fossil Hard coal"," "
"28/08/2026 08:45:00 - 28/08/2026 09:00:00","BZN|IT-South","Fossil Hard coal"," "
"28/08/2026 09:00:00 - 28/08/2026 09:15:00","BZN|IT-South","Fossil Hard coal"," "
"28/08/2026 09:15:00 - 28/08/2026 09:30:00","BZN|IT-South","Fossil Hard coal"," "
"28/08/2026 09:30:00 - 28/08/2026 09:45:00","BZN|IT-South","Fossil Hard coal"," "
"28/08/2026 09:45:00 - 28/08/2026 10:00:00","BZN|IT-South","Fossil Hard coal"," "
"28/08/2026 10:00:00 - 28/08/2026 10:15:00","BZN|IT-South","Fossil Hard coal"," "
"28/08/2026 10:15:00 - 28/08/2026 10:30:00","BZN|IT-South","Fossil Hard coal"," "
"28/08/2026 10:30:00 - 28/08/2026 10:45:00","BZN|IT-South","Fossil Hard coal"," "
"28/08/2026 10:45:00 - 28/08/2026 11:00:00","BZN|IT-South","Fossil Hard coal"," "
"28/08/2026 11:00:00 - 28/08/2026 11:15:00","BZN|IT-South","Fossil Hard coal"," "
"28/08/2026 11:15:00 - 28/08/2026 11:30:00","BZN|IT-South","Fossil Hard coal"," "
"28/08/2026 11:30:00 - 28/08/2026 11:45:00","BZN|IT-South","Fossil Hard coal"," "
"28/08/2026 11:45:00 - 28/08/2026 12:00:00","BZN|IT-South","Fossil Hard coal"," "
"28/08/2026 12:00:00 - 28/08/2026 12:15:00","BZN|IT-South","Fossil Hard coal","-"
"28/08/2026 12:15:00 - 28/08/2026 12:30:00","BZN|IT-South","Fossil Hard coal","-"
"28/08/2026 12:30:00 - 28/08/2026 12:45:00","BZN|IT-South","Fossil Hard coal","-"
"28/08/2026 12:45:00 - 28/08/2026 13:00:00","BZN|IT-South","Fossil Hard coal","-"
"28/08/2026 13:00:00 - 28/08/2026 13:15:00","BZN|IT-South","Fossil Hard coal","-"
"28/08/2026 13:15:00 - 28/08/2026 13:30:00","BZN|IT-South","Fossil Hard coal","-"
"28/08/2026 13:30:00 - 28/08/2026 13:45:00","BZN|IT-South","Fossil Hard coal","-"
"28/08/2026 13:45:00 - 28/08/2026 14:00:00","BZN|IT-South","Fossil Hard coal","-"
"28/08/2026 14:00:00 - 28/08/2026 14:15:00","BZN|IT-South","Fossil Hard coal","-"
"28/08/2026 14:15:00 - 28/08/2026 14:30:00","BZN|IT-South","Fossil Hard coal","-"
"28/08/2026 14:30:00 - 28/08/2026 14:45:00","BZN|IT-South","Fossil Hard coal","-"
"28/08/2026 14:45:00 - 28/08/2026 15:00:00","BZN|IT-South","Fossil Hard coal","-"
"28/08/2026 15:00:00 - 28/08/2026 15:15:00","BZN|IT-South","Fossil Hard coal","-"
"28/08/2026 15:15:00 - 28/08/2026 15:30:00","BZN|IT-South","Fossil Hard coal","-"
"28/08/2026 15:30:00 - 28/08/2026 15:45:00","BZN|IT-South","Fossil Hard coal","-"
"28/08/2026 15:45:00 - 28/08/2026 16:00:00","BZN|IT-South","Fossil Hard coal","-"
"28/08/2026 16:00:00 - 28/08/2026 16:15:00","BZN|IT-South","Fossil Hard coal","-"
"28/08/2026 16:15:00 - 28/08/2026 16:30:00","BZN|IT-South","Fossil Hard coal","-"
"28/08/2026 16:30:00 - 28/08/2026 16:45:00","BZN|IT-South","Fossil Hard coal","-"
"28/08/2026 16:45:00 - 28/08/2026 17:00:00","BZN|IT-South","Fossil Hard coal","-"
"28/08/2026 17:00:00 - 28/08/2026 17:15:00","BZN|IT-South","Fossil Hard coal","-"
"28/08/2026 17:15:00 - 28/08/2026 17:30:00","BZN|IT-South","Fossil Hard coal","-"
"28/08/2026 17:30:00 - 28/08/2026 17:45:00","BZN|IT-South","Fossil Hard coal","-"
"28/08/2026 17:45:00 - 28/08/2026 18:00:00","BZN|IT-South","Fossil Hard coal","-"
"28/08/2026 18:00:00 - 28/08/2026 18:15:00","BZN|IT-South","Fossil Hard coal","-"
"28/08/2026 18:15:00 - 28/08/2026 18:30:00","BZN|IT-South","Fossil Hard coal","-"
"28/08/2026 18:30:00 - 28/08/2026 18:45:00","BZN|IT-South","Fossil Hard coal","-"
"28/08/2026 18:45:00 - 28/08/2026 19:00:00","BZN|IT-South","Fossil Hard coal","-"
"28/08/2026 19:00:00 - 28/08/2026 19:15:00","BZN|IT-South","Fossil Hard coal","-"
"28/08/2026 19:15:00 - 28/08/2026 19:30:00","BZN|IT-South","Fossil Hard coal","-"
"28/08/2026 19:30:00 - 28/08/2026 19:45:00","BZN|IT-South","Fossil Hard coal","-"
"28/08/2026 19:45:00 - 28/08/2026 20:00:00","BZN|IT-South","Fossil Hard coal","-"
"28/08/2026 20:00:00 - 28/08/2026 20:15:00","BZN|IT-South","Fossil Hard coal","-"
"28/08/2026 20:15:00 - 28/08/2026 20:30:00","BZN|IT-South","Fossil Hard coal","-"
"28/08/2026 20:30:00 - 28/08/2026 20:45:00","BZN|IT-South","Fossil Hard coal","-"
"28/08/2026 20:45:00 - 28/08/2026 21:00:00","BZN|IT-South","Fossil Hard coal","-"
"28/08/2026 21:00:00 - 28/08/2026 21:15:00","BZN|IT-South","Fossil Hard coal","-"
"28/08/2026 21:15:00 - 28/08/2026 21:30:00","BZN|IT-South","Fossil Hard coal","-"
"28/08/2026 21:30:00 - 28/08/2026 21:45:00","BZN|IT-South","Fossil Hard coal","-"
"28/08/2026 21:45:00 - 28/08/2026 22:00:00","BZN|IT-South","Fossil Hard coal","-"
"28/08/2026 22:00:00 - 28/08/2026 22:15:00","BZN|IT-South","Fossil Hard coal","-"
"28/08/2026 22:15:00 - 28/08/2026 22:30:00","BZN|IT-South","Fossil Hard coal","-"
"28/08/2026 22:30:00 - 28/08/2026 22:45:00","BZN|IT-South","Fossil Hard coal","-"
"28/08/2026 22:45:00 - 28/08/2026 23:00:00","BZN|IT-South","Fossil Hard coal","-"
"28/08/2026 23:00:00 - 28/08/2026 23:15:00","BZN|IT-South","Fossil Hard coal","-"
"28/08/2026 23:15:00 - 28/08/2026 23:30:00","BZN|IT-South","Fossil Hard coal","-"
"28/08/2026 23:30:00 - 28/08/2026 23:45:00","BZN|IT-South","Fossil Hard coal","-"
"28/08/2026 23:45:00 - 29/08/2026 00:00:00","BZN|IT-South","Fossil Hard coal","-"
"28/08/2026 00:00:00 - 28/08/2026 00:15:00","BZN|IT-South","Fossil Oil","0.00"
"28/08/2026 00:15:00 - 28/08/2026 00:30:00","BZN|IT-South","Fossil Oil","0.00"
"28/08/2026 00:30:00 - 28/08/2026 00:45:00","BZN|IT-South","Fossil Oil","0.00"
"28/08/2026 00:45:00 - 28/08/2026 01:00:00","BZN|IT-South","Fossil Oil","0.00"
"28/08/2026 01:00:00 - 28/08/2026 01:15:00","BZN|IT-South","Fossil Oil","0.00"
"28/08/2026 01:15:00 - 28/08/2026 01:30:00","BZN|IT-South","Fossil Oil","0.00"
"28/08/2026 01:30:00 - 28/08/2026 01:45:00","BZN|IT-South","Fossil Oil","0.00"
"28/08/2026 01:45:00 - 28/08/2026 02:00:00","BZN|IT-South","Fossil Oil","0.00"
"28/08/2026 02:00:00 - 28/08/2026 02:15:00","BZN|IT-South","Fossil Oil","0.00"
"28/08/2026 02:15:00 - 28/08/2026 02:30:00","BZN|IT-South","Fossil Oil","0.00"
"28/08/2026 02:30:00 - 28/08/2026 02:45:00","BZN|IT-South","Fossil Oil","0.00"
"28/08/2026 02:45:00 - 28/08/2026 03:00:00","BZN|IT-South","Fossil Oil","0.00"
"28/08/2026 03:00:00 - 28/08/2026 03:15:00","BZN|IT-South","Fossil Oil","0.00"
"28/08/2026 03:15:00 - 28/08/2026 03:30:00","BZN|IT-South","Fossil Oil","0.00"
"28/08/2026 03:30:00 - 28/08/2026 03:45:00","BZN|IT-South","Fossil Oil","0.00"
"28/08/2026 03:45:00 - 28/08/2026 04:00:00","BZN|IT-South","Fossil Oil","0.00"
"28/08/2026 04:00:00 - 28/08/2026 04:15:00","BZN|IT-South","Fossil Oil","0.00"
"28/08/2026 04:15:00 - 28/08/2026 04:30:00","BZN|IT-South","Fossil Oil","0.00"
"28/08/2026 04:30:00 - 28/08/2026 04:45:00","BZN|IT-South","Fossil Oil","0.00"
"28/08/2026 04:45:00 - 28/08/2026 05:00:00","BZN|IT-South","Fossil Oil","0.00"
"28/08/2026 05:00:00 - 28/08/2026 05:15:00","BZN|IT-South","Fossil Oil","0.00"
"28/08/2026 05:15:00 - 28/08/2026 05:30:00","BZN|IT-South","Fossil Oil","0.00"
"28/08/2026 05:30:00 - 28/08/2026 05:45:00","BZN|IT-South","Fossil Oil","0.00"
"28/08/2026 05:45:00 - 28/08/2026 06:00:00","BZN|IT-South","Fossil Oil","0.00"
"28/08/2026 06:00:00 - 28/08/2026 06:15:00","BZN|IT-South","Fossil Oil","0.00"
"28/08/2026 06:15:00 - 28/08/2026 06:30:00","BZN|IT-South","Fossil Oil","0.00"
"28/08/2026 06:30:00 - 28/08/2026 06:45:00","BZN|IT-South","Fossil Oil","0.00"
"28/08/2026 06:45:00 - 28/08/2026 07:00:00","BZN|IT-South","Fossil Oil","0.00"
"28/08/2026 07:00:00 - 28/08/2026 07:15:00","BZN|IT-South","Fossil Oil","0.00"
"28/08/2026 07:15:00 - 28/08/2026 07:30:00","BZN|IT-South","Fossil Oil","0.00"
"28/08/2026 07:30:00 - 28/08/2026 07:45:00","BZN|IT-South","Fossil Oil","0.00"
"28/08/2026 07:45:00 - 28/08/2026 08:00:00","BZN|IT-South","Fossil Oil","0.00"
"28/08/2026 08:00:00 - 28/08/2026 08:15:00","BZN|IT-South","Fossil Oil","0.00"
"28/08/2026 08:15:00 - 28/08/2026 08:30:00","BZN|IT-South","Fossil Oil","0.00"
"28/08/2026 08:30:00 - 28/08/2026 08:45:00","BZN|IT-South","Fossil Oil","0.00"
"28/08/2026 08:45:00 - 28/08/2026 09:00:00","BZN|IT-South","Fossil Oil","0.00"
"28/08/2026 09:00:00 - 28/08/2026 09:15:00","BZN|IT-South","Fossil Oil","0.00"
"28/08/2026 09:15:00 - 28/08/2026 09:30:00","BZN|IT-South","Fossil Oil","0.00"
"28/08/2026 09:30:00 - 28/08/2026 09:45:00","BZN|IT-South","Fossil Oil","0.00"
"28/08/2026 09:45:00 - 28/08/2026 10:00:00","BZN|IT-South","Fossil Oil","0.00"
"28/08/2026 10:00:00 - 28/08/2026 10:15:00","BZN|IT-South","Fossil Oil","N/A"
"28/08/2026 10:15:00 - 28/08/2026 10:30:00","BZN|IT-South","Fossil Oil","N/A"
"28/08/2026 10:30:00 - 28/08/2026 10:45:00","BZN|IT-South","Fossil Oil","N/A"
"28/08/2026 10:45:00 - 28/08/2026 11:00:00","BZN|IT-South","Fossil Oil","N/A"
"28/08/2026 11:00:00 - 28/08/2026 11:15:00","BZN|IT-South","Fossil Oil","N/A"
"28/08/2026 11:15:00 - 28/08/2026 11:30:00","BZN|IT-South","Fossil Oil","N/A"
"28/08/2026 11:30:00 - 28/08/2026 11:45:00","BZN|IT-South","Fossil Oil","-"
"28/08/2026 11:45:00 - 28/08/2026 12:00:00","BZN|IT-South","Fossil Oil","-"
"28/08/2026 12:00:00 - 28/08/2026 12:15:00","BZN|IT-South","Fossil Oil","-"
"28/08/2026 12:15:00 - 28/08/2026 12:30:00","BZN|IT-South","Fossil Oil","-"
"28/08/2026 12:30:00 - 28/08/2026 12:45:00","BZN|IT-South","Fossil Oil","-"
"28/08/2026 12:45:00 - 28/08/2026 13:00:00","BZN|IT-South","Fossil Oil","-"
"28/08/2026 13:00:00 - 28/08/2026 13:15:00","BZN|IT-South","Fossil Oil","-"
"28/08/2026 13:15:00 - 28/08/2026 13:30:00","BZN|IT-South","Fossil Oil","-"
"28/08/2026 13:30:00 - 28/08/2026 13:45:00","BZN|IT-South","Fossil Oil","-"
"28/08/2026 13:45:00 - 28/08/2026 14:00:00","BZN|IT-South","Fossil Oil","-"
"28/08/2026 14:00:00 - 28/08/2026 14:15:00","BZN|IT-South","Fossil Oil","-"
"28/08/2026 14:15:00 - 28/08/2026 14:30:00","BZN|IT-South","Fossil Oil","-"
"28/08/2026 14:30:00 - 28/08/2026 14:45:00","BZN|IT-South","Fossil Oil","-"
"28/08/2026 14:45:00 - 28/08/2026 15:00:00","BZN|IT-South","Fossil Oil","-"
"28/08/2026 15:00:00 - 28/08/2026 15:15:00","BZN|IT-South","Fossil Oil","-"
"28/08/2026 15:15:00 - 28/08/2026 15:30:00","BZN|IT-South","Fossil Oil","-"
"28/08/2026 15:30:00 - 28/08/2026 15:45:00","BZN|IT-South","Fossil Oil","-"
"28/08/2026 15:45:00 - 28/08/2026 16:00:00","BZN|IT-South","Fossil Oil","-"
"28/08/2026 16:00:00 - 28/08/2026 16:15:00","BZN|IT-South","Fossil Oil","-"
"28/08/2026 16:15:00 - 28/08/2026 16:30:00","BZN|IT-South","Fossil Oil","-"
"28/08/2026 16:30:00 - 28/08/2026 16:45:00","BZN|IT-South","Fossil Oil","-"
"28/08/2026 16:45:00 - 28/08/2026 17:00:00","BZN|IT-South","Fossil Oil","-"
"28/08/2026 17:00:00 - 28/08/2026 17:15:00","BZN|IT-South","Fossil Oil","-"
"28/08/2026 17:15:00 - 28/08/2026 17:30:00","BZN|IT-South","Fossil Oil","-"
"28/08/2026 17:30:00 - 28/08/2026 17:45:00","BZN|IT-South","Fossil Oil","-"
"28/08/2026 17:45:00 - 28/08/2026 18:00:00","BZN|IT-South","Fossil Oil","-"
"28/08/2026 18:00:00 - 28/08/2026 18:15:00","BZN|IT-South","Fossil Oil","-"
"28/08/2026 18:15:00 - 28/08/2026 18:30:00","BZN|IT-South","Fossil Oil","-"
"28/08/2026 18:30:00 - 28/08/2026 18:45:00","BZN|IT-South","Fossil Oil","-"
"28/08/2026 18:45:00 - 28/08/2026 19:00:00","BZN|IT-South","Fossil Oil","-"
"28/08/2026 19:00:00 - 28/08/2026 19:15:00","BZN|IT-South","Fossil Oil","-"
"28/08/2026 19:15:00 - 28/08/2026 19:30:00","BZN|IT-South","Fossil Oil","-"
"28/08/2026 19:30:00 - 28/08/2026 19:45:00","BZN|IT-South","Fossil Oil","-"
"28/08/2026 19:45:00 - 28/08/2026 20:00:00","BZN|IT-South","Fossil Oil","-"
"28/08/2026 20:00:00 - 28/08/2026 20:15:00","BZN|IT-South","Fossil Oil","-"
"28/08/2026 20:15:00 - 28/08/2026 20:30:00","BZN|IT-South","Fossil Oil","-"
"28/08/2026 20:30:00 - 28/08/2026 20:45:00","BZN|IT-South","Fossil Oil","-"
"28/08/2026 20:45:00 - 28/08/2026 21:00:00","BZN|IT-South","Fossil Oil","-"
"28/08/2026 21:00:00 - 28/08/2026 21:15:00","BZN|IT-South","Fossil Oil","-"
"28/08/2026 21:15:00 - 28/08/2026 21:30:00","BZN|IT-South","Fossil Oil","-"
"28/08/2026 21:30:00 - 28/08/2026 21:45:00","BZN|IT-South","Fossil Oil","-"
"28/08/2026 21:45:00 - 28/08/2026 22:00:00","BZN|IT-South","Fossil Oil","-"
"28/08/2026 22:00:00 - 28/08/2026 22:15:00","BZN|IT-South","Fossil Oil","-"
"28/08/2026 22:15:00 - 28/08/2026 22:30:00","BZN|IT-South","Fossil Oil","-"
"28/08/2026 22:30:00 - 28/08/2026 22:45:00","BZN|IT-South","Fossil Oil","-"
"28/08/2026 22:45:00 - 28/08/2026 23:00:00","BZN|IT-South","Fossil Oil","-"
"28/08/2026 23:00:00 - 28/08/2026 23:15:00","BZN|IT-South","Fossil Oil","-"
"28/08/2026 23:15:00 - 28/08/2026 23:30:00","BZN|IT-South","Fossil Oil","-"
"28/08/2026 23:30:00 - 28/08/2026 23:45:00","BZN|IT-South","Fossil Oil","-"
"28/08/2026 23:45:00 - 29/08/2026 00:00:00","BZN|IT-South","Fossil Oil","-"
"28/08/2026 00:00:00 - 28/08/2026 00:15:00","BZN|IT-South","Fossil Oil shale","n/e"
"28/08/2026 00:15:00 - 28/08/2026 00:30:00","BZN|IT-South","Fossil Oil shale","n/e"
"28/08/2026 00:30:00 - 28/08/2026 00:45:00","BZN|IT-South","Fossil Oil shale","n/e"
"28/08/2026 00:45:00 - 28/08/2026 01:00:00","BZN|IT-South","Fossil Oil shale","n/e"
"28/08/2026 01:00:00 - 28/08/2026 01:15:00","BZN|IT-South","Fossil Oil shale","n/e"
"28/08/2026 01:15:00 - 28/08/2026 01:30:00","BZN|IT-South","Fossil Oil shale","n/e"
"28/08/2026 01:30:00 - 28/08/2026 01:45:00","BZN|IT-South","Fossil Oil shale","n/e"
"28/08/2026 01:45:00 - 28/08/2026 02:00:00","BZN|IT-South","Fossil Oil shale","n/e"
"28/08/2026 02:00:00 - 28/08/2026 02:15:00","BZN|IT-South","Fossil Oil shale","n/e"
"28/08/2026 02:15:00 - 28/08/2026 02:30:00","BZN|IT-South","Fossil Oil shale","n/e"
"28/08/2026 02:30:00 - 28/08/2026 02:45:00","BZN|IT-South","Fossil Oil shale","n/e"
"28/08/2026 02:45:00 - 28/08/2026 03:00:00","BZN|IT-South","Fossil Oil shale","n/e"
"28/08/2026 03:00:00 - 28/08/2026 03:15:00","BZN|IT-South","Fossil Oil shale","n/e"
"28/08/2026 03:15:00 - 28/08/2026 03:30:00","BZN|IT-South","Fossil Oil shale","n/e"
"28/08/2026 03:30:00 - 28/08/2026 03:45:00","BZN|IT-South","Fossil Oil shale","n/e"
"28/08/2026 03:45:00 - 28/08/2026 04:00:00","BZN|IT-South","Fossil Oil shale","n/e"
"28/08/2026 04:00:00 - 28/08/2026 04:15:00","BZN|IT-South","Fossil Oil shale","n/e"
"28/08/2026 04:15:00 - 28/08/2026 04:30:00","BZN|IT-South","Fossil Oil shale","n/e"
"28/08/2026 04:30:00 - 28/08/2026 04:45:00","BZN|IT-South","Fossil Oil shale","n/e"
"28/08/2026 04:45:00 - 28/08/2026 05:00:00","BZN|IT-South","Fossil Oil shale","n/e"
"28/08/2026 05:00:00 - 28/08/2026 05:15:00","BZN|IT-South","Fossil Oil shale","n/e"
"28/08/2026 05:15:00 - 28/08/2026 05:30:00","BZN|IT-South","Fossil Oil shale","n/e"
"28/08/2026 05:30:00 - 28/08/2026 05:45:00","BZN|IT-South","Fossil Oil shale","n/e"
"28/08/2026 05:45:00 - 28/08/2026 06:00:00","BZN|IT-South","Fossil Oil shale","n/e"
"28/08/2026 06:00:00 - 28/08/2026 06:15:00","BZN|IT-South","Fossil Oil shale","n/e"
"28/08/2026 06:15:00 - 28/08/2026 06:30:00","BZN|IT-South","Fossil Oil shale","n/e"
"28/08/2026 06:30:00 - 28/08/2026 06:45:00","BZN|IT-South","Fossil Oil shale","n/e"
"28/08/2026 06:45:00 - 28/08/2026 07:00:00","BZN|IT-South","Fossil Oil shale","n/e"
"28/08/2026 07:00:00 - 28/08/2026 07:15:00","BZN|IT-South","Fossil Oil shale","n/e"
"28/08/2026 07:15:00 - 28/08/2026 07:30:00","BZN|IT-South","Fossil Oil shale","n/e"
"28/08/2026 07:30:00 - 28/08/2026 07:45:00","BZN|IT-South","Fossil Oil shale","n/e"
"28/08/2026 07:45:00 - 28/08/2026 08:00:00","BZN|IT-South","Fossil Oil shale","n/e"
"28/08/2026 08:00:00 - 28/08/2026 08:15:00","BZN|IT-South","Fossil Oil shale","n/e"
"28/08/2026 08:15:00 - 28/08/2026 08:30:00","BZN|IT-South","Fossil Oil shale","n/e"
"28/08/2026 08:30:00 - 28/08/2026 08:45:00","BZN|IT-South","Fossil Oil shale","n/e"
"28/08/2026 08:45:00 - 28/08/2026 09:00:00","BZN|IT-South","Fossil Oil shale","n/e"
"28/08/2026 09:00:00 - 28/08/2026 09:15:00","BZN|IT-South","Fossil Oil shale","n/e"
"28/08/2026 09:15:00 - 28/08/2026 09:30:00","BZN|IT-South","Fossil Oil shale","n/e"
"28/08/2026 09:30:00 - 28/08/2026 09:45:00","BZN|IT-South","Fossil Oil shale","n/e"
"28/08/2026 09:45:00 - 28/08/2026 10:00:00","BZN|IT-South","Fossil Oil shale","n/e"
"28/08/2026 10:00:00 - 28/08/2026 10:15:00","BZN|IT-South","Fossil Oil shale","n/e"
"28/08/2026 10:15:00 - 28/08/2026 10:30:00","BZN|IT-South","Fossil Oil shale","n/e"
"28/08/2026 10:30:00 - 28/08/2026 10:45:00","BZN|IT-South","Fossil Oil shale","n/e"
"28/08/2026 10:45:00 - 28/08/2026 11:00:00","BZN|IT-South","Fossil Oil shale","n/e"
"28/08/2026 11:00:00 - 28/08/2026 11:15:00","BZN|IT-South","Fossil Oil shale","n/e"
"28/08/2026 11:15:00 - 28/08/2026 11:30:00","BZN|IT-South","Fossil Oil shale","n/e"
"28/08/2026 11:30:00 - 28/08/2026 11:45:00","BZN|IT-South","Fossil Oil shale","n/e"
"28/08/2026 11:45:00 - 28/08/2026 12:00:00","BZN|IT-South","Fossil Oil shale","n/e"
"28/08/2026 12:00:00 - 28/08/2026 12:15:00","BZN|IT-South","Fossil Oil shale","n/e"
"28/08/2026 12:15:00 - 28/08/2026 12:30:00","BZN|IT-South","Fossil Oil shale","n/e"
"28/08/2026 12:30:00 - 28/08/2026 12:45:00","BZN|IT-South","Fossil Oil shale","n/e"
"28/08/2026 12:45:00 - 28/08/2026 13:00:00","BZN|IT-South","Fossil Oil shale","n/e"
"28/08/2026 13:00:00 - 28/08/2026 13:15:00","BZN|IT-South","Fossil Oil shale","n/e"
"28/08/2026 13:15:00 - 28/08/2026 13:30:00","BZN|IT-South","Fossil Oil shale","n/e"
"28/08/2026 13:30:00 - 28/08/2026 13:45:00","BZN|IT-South","Fossil Oil shale","n/e"
"28/08/2026 13:45:00 - 28/08/2026 14:00:00","BZN|IT-South","Fossil Oil shale","n/e"
"28/08/2026 14:00:00 - 28/08/2026 14:15:00","BZN|IT-South","Fossil Oil shale","n/e"
"28/08/2026 14:15:00 - 28/08/2026 14:30:00","BZN|IT-South","Fossil Oil shale","n/e"
"28/08/2026 14:30:00 - 28/08/2026 14:45:00","BZN|IT-South","Fossil Oil shale","n/e"
"28/08/2026 14:45:00 - 28/08/2026 15:00:00","BZN|IT-South","Fossil Oil shale","n/e"
"28/08/2026 15:00:00 - 28/08/2026 15:15:00","BZN|IT-South","Fossil Oil shale","n/e"
"28/08/2026 15:15:00 - 28/08/2026 15:30:00","BZN|IT-South","Fossil Oil shale","n/e"
"28/08/2026 15:30:00 - 28/08/2026 15:45:00","BZN|IT-South","Fossil Oil shale","n/e"
"28/08/2026 15:45:00 - 28/08/2026 16:00:00","BZN|IT-South","Fossil Oil shale","n/e"
"28/08/2026 16:00:00 - 28/08/2026 16:15:00","BZN|IT-South","Fossil Oil shale","n/e"
"28/08/2026 16:15:00 - 28/08/2026 16:30:00","BZN|IT-South","Fossil Oil shale","n/e"
"28/08/2026 16:30:00 - 28/08/2026 16:45:00","BZN|IT-South","Fossil Oil shale","n/e"
"28/08/2026 16:45:00 - 28/08/2026 17:00:00","BZN|IT-South","Fossil Oil shale","n/e"
"28/08/2026 17:00:00 - 28/08/2026 17:15:00","BZN|IT-South","Fossil Oil shale","n/e"
"28/08/2026 17:15:00 - 28/08/2026 17:30:00","BZN|IT-South","Fossil Oil shale","n/e"
"28/08/2026 17:30:00 - 28/08/2026 17:45:00","BZN|IT-South","Fossil Oil shale","n/e"
"28/08/2026 17:45:00 - 28/08/2026 18:00:00","BZN|IT-South","Fossil Oil shale","n/e"
"28/08/2026 18:00:00 - 28/08/2026 18:15:00","BZN|IT-South","Fossil Oil shale","n/e"
"28/08/2026 18:15:00 - 28/08/2026 18:30:00","BZN|IT-South","Fossil Oil shale","n/e"
"28/08/2026 18:30:00 - 28/08/2026 18:45:00","BZN|IT-South","Fossil Oil shale","n/e"
"28/08/2026 18:45:00 - 28/08/2026 19:00:00","BZN|IT-South","Fossil Oil shale","n/e"
"28/08/2026 19:00:00 - 28/08/2026 19:15:00","BZN|IT-South","Fossil Oil shale","n/e"
"28/08/2026 19:15:00 - 28/08/2026 19:30:00","BZN|IT-South","Fossil Oil shale","n/e"
"28/08/2026 19:30:00 - 28/08/2026 19:45:00","BZN|IT-South","Fossil Oil shale","n/e"
"28/08/2026 19:45:00 - 28/08/2026 20:00:00","BZN|IT-South","Fossil Oil shale","n/e"
"28/08/2026 20:00:00 - 28/08/2026 20:15:00","BZN|IT-South","Fossil Oil shale","n/e"
"28/08/2026 20:15:00 - 28/08/2026 20:30:00","BZN|IT-South","Fossil Oil shale","n/e"
"28/08/2026 20:30:00 - 28/08/2026 20:45:00","BZN|IT-South","Fossil Oil shale","n/e"
"28/08/2026 20:45:00 - 28/08/2026 21:00:00","BZN|IT-South","Fossil Oil shale","n/e"
"28/08/2026 21:00:00 - 28/08/2026 21:15:00","BZN|IT-South","Fossil Oil shale","n/e"
"28/08/2026 21:15:00 - 28/08/2026 21:30:00","BZN|IT-South","Fossil Oil shale","n/e"
"28/08/2026 21:30:00 - 28/08/2026 21:45:00","BZN|IT-South","Fossil Oil shale","n/e"
"28/08/2026 21:45:00 - 28/08/2026 22:00:00","BZN|IT-South","Fossil Oil shale","n/e"
"28/08/2026 22:00:00 - 28/08/2026 22:15:00","BZN|IT-South","Fossil Oil shale","n/e"
"28/08/2026 22:15:00 - 28/08/2026 22:30:00","BZN|IT-South","Fossil Oil shale","n/e"
"28/08/2026 22:30:00 - 28/08/2026 22:45:00","BZN|IT-South","Fossil Oil shale","n/e"
"28/08/2026 22:45:00 - 28/08/2026 23:00:00","BZN|IT-South","Fossil Oil shale","n/e"
"28/08/2026 23:00:00 - 28/08/2026 23:15:00","BZN|IT-South","Fossil Oil shale","n/e"
"28/08/2026 23:15:00 - 28/08/2026 23:30:00","BZN|IT-South","Fossil Oil shale","n/e"
"28/08/2026 23:30:00 - 28/08/2026 23:45:00","BZN|IT-South","Fossil Oil shale","n/e"
"28/08/2026 23:45:00 - 29/08/2026 00:00:00","BZN|IT-South","Fossil Oil shale","n/e"
"28/08/2026 00:00:00 - 28/08/2026 00:15:00","BZN|IT-South","Fossil Peat","n/e"
"28/08/2026 00:15:00 - 28/08/2026 00:30:00","BZN|IT-South","Fossil Peat","n/e"
"28/08/2026 00:30:00 - 28/08/2026 00:45:00","BZN|IT-South","Fossil Peat","n/e"
"28/08/2026 00:45:00 - 28/08/2026 01:00:00","BZN|IT-South","Fossil Peat","n/e"
"28/08/2026 01:00:00 - 28/08/2026 01:15:00","BZN|IT-South","Fossil Peat","n/e"
"28/08/2026 01:15:00 - 28/08/2026 01:30:00","BZN|IT-South","Fossil Peat","n/e"
"28/08/2026 01:30:00 - 28/08/2026 01:45:00","BZN|IT-South","Fossil Peat","n/e"
"28/08/2026 01:45:00 - 28/08/2026 02:00:00","BZN|IT-South","Fossil Peat","n/e"
"28/08/2026 02:00:00 - 28/08/2026 02:15:00","BZN|IT-South","Fossil Peat","n/e"
"28/08/2026 02:15:00 - 28/08/2026 02:30:00","BZN|IT-South","Fossil Peat","n/e"
"28/08/2026 02:30:00 - 28/08/2026 02:45:00","BZN|IT-South","Fossil Peat","n/e"
"28/08/2026 02:45:00 - 28/08/2026 03:00:00","BZN|IT-South","Fossil Peat","n/e"
"28/08/2026 03:00:00 - 28/08/2026 03:15:00","BZN|IT-South","Fossil Peat","n/e"
"28/08/2026 03:15:00 - 28/08/2026 03:30:00","BZN|IT-South","Fossil Peat","n/e"
"28/08/2026 03:30:00 - 28/08/2026 03:45:00","BZN|IT-South","Fossil Peat","n/e"
"28/08/2026 03:45:00 - 28/08/2026 04:00:00","BZN|IT-South","Fossil Peat","n/e"
"28/08/2026 04:00:00 - 28/08/2026 04:15:00","BZN|IT-South","Fossil Peat","n/e"
"28/08/2026 04:15:00 - 28/08/2026 04:30:00","BZN|IT-South","Fossil Peat","n/e"
"28/08/2026 04:30:00 - 28/08/2026 04:45:00","BZN|IT-South","Fossil Peat","n/e"
"28/08/2026 04:45:00 - 28/08/2026 05:00:00","BZN|IT-South","Fossil Peat","n/e"
"28/08/2026 05:00:00 - 28/08/2026 05:15:00","BZN|IT-South","Fossil Peat","n/e"
"28/08/2026 05:15:00 - 28/08/2026 05:30:00","BZN|IT-South","Fossil Peat","n/e"
"28/08/2026 05:30:00 - 28/08/2026 05:45:00","BZN|IT-South","Fossil Peat","n/e"
"28/08/2026 05:45:00 - 28/08/2026 06:00:00","BZN|IT-South","Fossil Peat","n/e"
"28/08/2026 06:00:00 - 28/08/2026 06:15:00","BZN|IT-South","Fossil Peat","n/e"
"28/08/2026 06:15:00 - 28/08/2026 06:30:00","BZN|IT-South","Fossil Peat","n/e"
"28/08/2026 06:30:00 - 28/08/2026 06:45:00","BZN|IT-South","Fossil Peat","n/e"
"28/08/2026 06:45:00 - 28/08/2026 07:00:00","BZN|IT-South","Fossil Peat","n/e"
"28/08/2026 07:00:00 - 28/08/2026 07:15:00","BZN|IT-South","Fossil Peat","n/e"
"28/08/2026 07:15:00 - 28/08/2026 07:30:00","BZN|IT-South","Fossil Peat","n/e"
"28/08/2026 07:30:00 - 28/08/2026 07:45:00","BZN|IT-South","Fossil Peat","n/e"
"28/08/2026 07:45:00 - 28/08/2026 08:00:00","BZN|IT-South","Fossil Peat","n/e"
"28/08/2026 08:00:00 - 28/08/2026 08:15:00","BZN|IT-South","Fossil Peat","n/e"
"28/08/2026 08:15:00 - 28/08/2026 08:30:00","BZN|IT-South","Fossil Peat","n/e"
"28/08/2026 08:30:00 - 28/08/2026 08:45:00","BZN|IT-South","Fossil Peat","n/e"
"28/08/2026 08:45:00 - 28/08/2026 09:00:00","BZN|IT-South","Fossil Peat","n/e"
"28/08/2026 09:00:00 - 28/08/2026 09:15:00","BZN|IT-South","Fossil Peat","n/e"
"28/08/2026 09:15:00 - 28/08/2026 09:30:00","BZN|IT-South","Fossil Peat","n/e"
"28/08/2026 09:30:00 - 28/08/2026 09:45:00","BZN|IT-South","Fossil Peat","n/e"
"28/08/2026 09:45:00 - 28/08/2026 10:00:00","BZN|IT-South","Fossil Peat","n/e"
"28/08/2026 10:00:00 - 28/08/2026 10:15:00","BZN|IT-South","Fossil Peat","n/e"
"28/08/2026 10:15:00 - 28/08/2026 10:30:00","BZN|IT-South","Fossil Peat","n/e"
"28/08/2026 10:30:00 - 28/08/2026 10:45:00","BZN|IT-South","Fossil Peat","n/e"
"28/08/2026 10:45:00 - 28/08/2026 11:00:00","BZN|IT-South","Fossil Peat","n/e"
"28/08/2026 11:00:00 - 28/08/2026 11:15:00","BZN|IT-South","Fossil Peat","n/e"
"28/08/2026 11:15:00 - 28/08/2026 11:30:00","BZN|IT-South","Fossil Peat","n/e"
"28/08/2026 11:30:00 - 28/08/2026 11:45:00","BZN|IT-South","Fossil Peat","n/e"
"28/08/2026 11:45:00 - 28/08/2026 12:00:00","BZN|IT-South","Fossil Peat","n/e"
"28/08/2026 12:00:00 - 28/08/2026 12:15:00","BZN|IT-South","Fossil Peat","n/e"
"28/08/2026 12:15:00 - 28/08/2026 12:30:00","BZN|IT-South","Fossil Peat","n/e"
"28/08/2026 12:30:00 - 28/08/2026 12:45:00","BZN|IT-South","Fossil Peat","n/e"
"28/08/2026 12:45:00 - 28/08/2026 13:00:00","BZN|IT-South","Fossil Peat","n/e"
"28/08/2026 13:00:00 - 28/08/2026 13:15:00","BZN|IT-South","Fossil Peat","n/e"
"28/08/2026 13:15:00 - 28/08/2026 13:30:00","BZN|IT-South","Fossil Peat","n/e"
"28/08/2026 13:30:00 - 28/08/2026 13:45:00","BZN|IT-South","Fossil Peat","n/e"
"28/08/2026 13:45:00 - 28/08/2026 14:00:00","BZN|IT-South","Fossil Peat","n/e"
"28/08/2026 14:00:00 - 28/08/2026 14:15:00","BZN|IT-South","Fossil Peat","n/e"
"28/08/2026 14:15:00 - 28/08/2026 14:30:00","BZN|IT-South","Fossil Peat","n/e"
"28/08/2026 14:30:00 - 28/08/2026 14:45:00","BZN|IT-South","Fossil Peat","n/e"
"28/08/2026 14:45:00 - 28/08/2026 15:00:00","BZN|IT-South","Fossil Peat","n/e"
"28/08/2026 15:00:00 - 28/08/2026 15:15:00","BZN|IT-South","Fossil Peat","n/e"
"28/08/2026 15:15:00 - 28/08/2026 15:30:00","BZN|IT-South","Fossil Peat","n/e"
"28/08/2026 15:30:00 - 28/08/2026 15:45:00","BZN|IT-South","Fossil Peat","n/e"
"28/08/2026 15:45:00 - 28/08/2026 16:00:00","BZN|IT-South","Fossil Peat","n/e"
"28/08/2026 16:00:00 - 28/08/2026 16:15:00","BZN|IT-South","Fossil Peat","n/e"
"28/08/2026 16:15:00 - 28/08/2026 16:30:00","BZN|IT-South","Fossil Peat","n/e"
"28/08/2026 16:30:00 - 28/08/2026 16:45:00","BZN|IT-South","Fossil Peat","n/e"
"28/08/2026 16:45:00 - 28/08/2026 17:00:00","BZN|IT-South","Fossil Peat","n/e"
"28/08/2026 17:00:00 - 28/08/2026 17:15:00","BZN|IT-South","Fossil Peat","n/e"
"28/08/2026 17:15:00 - 28/08/2026 17:30:00","BZN|IT-South","Fossil Peat","n/e"
"28/08/2026 17:30:00 - 28/08/2026 17:45:00","BZN|IT-South","Fossil Peat","n/e"
"28/08/2026 17:45:00 - 28/08/2026 18:00:00","BZN|IT-South","Fossil Peat","n/e"
"28/08/2026 18:00:00 - 28/08/2026 18:15:00","BZN|IT-South","Fossil Peat","n/e"
"28/08/2026 18:15:00 - 28/08/2026 18:30:00","BZN|IT-South","Fossil Peat","n/e"
"28/08/2026 18:30:00 - 28/08/2026 18:45:00","BZN|IT-South","Fossil Peat","n/e"
"28/08/2026 18:45:00 - 28/08/2026 19:00:00","BZN|IT-South","Fossil Peat","n/e"
"28/08/2026 19:00:00 - 28/08/2026 19:15:00","BZN|IT-South","Fossil Peat","n/e"
"28/08/2026 19:15:00 - 28/08/2026 19:30:00","BZN|IT-South","Fossil Peat","n/e"
"28/08/2026 19:30:00 - 28/08/2026 19:45:00","BZN|IT-South","Fossil Peat","n/e"
"28/08/2026 19:45:00 - 28/08/2026 20:00:00","BZN|IT-South","Fossil Peat","n/e"
"28/08/2026 20:00:00 - 28/08/2026 20:15:00","BZN|IT-South","Fossil Peat","n/e"
"28/08/2026 20:15:00 - 28/08/2026 20:30:00","BZN|IT-South","Fossil Peat","n/e"
"28/08/2026 20:30:00 - 28/08/2026 20:45:00","BZN|IT-South","Fossil Peat","n/e"
"28/08/2026 20:45:00 - 28/08/2026 21:00:00","BZN|IT-South","Fossil Peat","n/e"
"28/08/2026 21:00:00 - 28/08/2026 21:15:00","BZN|IT-South","Fossil Peat","n/e"
"28/08/2026 21:15:00 - 28/08/2026 21:30:00","BZN|IT-South","Fossil Peat","n/e"
"28/08/2026 21:30:00 - 28/08/2026 21:45:00","BZN|IT-South","Fossil Peat","n/e"
"28/08/2026 21:45:00 - 28/08/2026 22:00:00","BZN|IT-South","Fossil Peat","n/e"
"28/08/2026 22:00:00 - 28/08/2026 22:15:00","BZN|IT-South","Fossil Peat","n/e"
"28/08/2026 22:15:00 - 28/08/2026 22:30:00","BZN|IT-South","Fossil Peat","n/e"
"28/08/2026 22:30:00 - 28/08/2026 22:45:00","BZN|IT-South","Fossil Peat","n/e"
"28/08/2026 22:45:00 - 28/08/2026 23:00:00","BZN|IT-South","Fossil Peat","n/e"
"28/08/2026 23:00:00 - 28/08/2026 23:15:00","BZN|IT-South","Fossil Peat","n/e"
"28/08/2026 23:15:00 - 28/08/2026 23:30:00","BZN|IT-South","Fossil Peat","n/e"
"28/08/2026 23:30:00 - 28/08/2026 23:45:00","BZN|IT-South","Fossil Peat","n/e"
"28/08/2026 23:45:00 - 29/08/2026 00:00:00","BZN|IT-South","Fossil Peat","n/e"
"28/08/2026 00:00:00 - 28/08/2026 00:15:00","BZN|IT-South","Geothermal","n/e"
"28/08/2026 00:15:00 - 28/08/2026 00:30:00","BZN|IT-South","Geothermal","n/e"
"28/08/2026 00:30:00 - 28/08/2026 00:45:00","BZN|IT-South","Geothermal","n/e"
"28/08/2026 00:45:00 - 28/08/2026 01:00:00","BZN|IT-South","Geothermal","n/e"
"28/08/2026 01:00:00 - 28/08/2026 01:15:00","BZN|IT-South","Geothermal","n/e"
"28/08/2026 01:15:00 - 28/08/2026 01:30:00","BZN|IT-South","Geothermal","n/e"
"28/08/2026 01:30:00 - 28/08/2026 01:45:00","BZN|IT-South","Geothermal","n/e"
"28/08/2026 01:45:00 - 28/08/2026 02:00:00","BZN|IT-South","Geothermal","n/e"
"28/08/2026 02:00:00 - 28/08/2026 02:15:00","BZN|IT-South","Geothermal","n/e"
"28/08/2026 02:15:00 - 28/08/2026 02:30:00","BZN|IT-South","Geothermal","n/e"
"28/08/2026 02:30:00 - 28/08/2026 02:45:00","BZN|IT-South","Geothermal","n/e"
"28/08/2026 02:45:00 - 28/08/2026 03:00:00","BZN|IT-South","Geothermal","n/e"
"28/08/2026 03:00:00 - 28/08/2026 03:15:00","BZN|IT-South","Geothermal","n/e"
"28/08/2026 03:15:00 - 28/08/2026 03:30:00","BZN|IT-South","Geothermal","n/e"
"28/08/2026 03:30:00 - 28/08/2026 03:45:00","BZN|IT-South","Geothermal","n/e"
"28/08/2026 03:45:00 - 28/08/2026 04:00:00","BZN|IT-South","Geothermal","n/e"
"28/08/2026 04:00:00 - 28/08/2026 04:15:00","BZN|IT-South","Geothermal","n/e"
"28/08/2026 04:15:00 - 28/08/2026 04:30:00","BZN|IT-South","Geothermal","n/e"
"28/08/2026 04:30:00 - 28/08/2026 04:45:00","BZN|IT-South","Geothermal","n/e"
"28/08/2026 04:45:00 - 28/08/2026 05:00:00","BZN|IT-South","Geothermal","n/e"
"28/08/2026 05:00:00 - 28/08/2026 05:15:00","BZN|IT-South","Geothermal","n/e"
"28/08/2026 05:15:00 - 28/08/2026 05:30:00","BZN|IT-South","Geothermal","n/e"
"28/08/2026 05:30:00 - 28/08/2026 05:45:00","BZN|IT-South","Geothermal","n/e"
"28/08/2026 05:45:00 - 28/08/2026 06:00:00","BZN|IT-South","Geothermal","n/e"
"28/08/2026 06:00:00 - 28/08/2026 06:15:00","BZN|IT-South","Geothermal","n/e"
"28/08/2026 06:15:00 - 28/08/2026 06:30:00","BZN|IT-South","Geothermal","n/e"
"28/08/2026 06:30:00 - 28/08/2026 06:45:00","BZN|IT-South","Geothermal","n/e"
"28/08/2026 06:45:00 - 28/08/2026 07:00:00","BZN|IT-South","Geothermal","n/e"
"28/08/2026 07:00:00 - 28/08/2026 07:15:00","BZN|IT-South","Geothermal","n/e"
"28/08/2026 07:15:00 - 28/08/2026 07:30:00","BZN|IT-South","Geothermal","n/e"
"28/08/2026 07:30:00 - 28/08/2026 07:45:00","BZN|IT-South","Geothermal","n/e"
"28/08/2026 07:45:00 - 28/08/2026 08:00:00","BZN|IT-South","Geothermal","n/e"
"28/08/2026 08:00:00 - 28/08/2026 08:15:00","BZN|IT-South","Geothermal","n/e"
"28/08/2026 08:15:00 - 28/08/2026 08:30:00","BZN|IT-South","Geothermal","n/e"
"28/08/2026 08:30:00 - 28/08/2026 08:45:00","BZN|IT-South","Geothermal","n/e"
"28/08/2026 08:45:00 - 28/08/2026 09:00:00","BZN|IT-South","Geothermal","n/e"
"28/08/2026 09:00:00 - 28/08/2026 09:15:00","BZN|IT-South","Geothermal","n/e"
"28/08/2026 09:15:00 - 28/08/2026 09:30:00","BZN|IT-South","Geothermal","n/e"
"28/08/2026 09:30:00 - 28/08/2026 09:45:00","BZN|IT-South","Geothermal","n/e"
"28/08/2026 09:45:00 - 28/08/2026 10:00:00","BZN|IT-South","Geothermal","n/e"
"28/08/2026 10:00:00 - 28/08/2026 10:15:00","BZN|IT-South","Geothermal","n/e"
"28/08/2026 10:15:00 - 28/08/2026 10:30:00","BZN|IT-South","Geothermal","n/e"
"28/08/2026 10:30:00 - 28/08/2026 10:45:00","BZN|IT-South","Geothermal","n/e"
"28/08/2026 10:45:00 - 28/08/2026 11:00:00","BZN|IT-South","Geothermal","n/e"
"28/08/2026 11:00:00 - 28/08/2026 11:15:00","BZN|IT-South","Geothermal","n/e"
"28/08/2026 11:15:00 - 28/08/2026 11:30:00","BZN|IT-South","Geothermal","n/e"
"28/08/2026 11:30:00 - 28/08/2026 11:45:00","BZN|IT-South","Geothermal","n/e"
"28/08/2026 11:45:00 - 28/08/2026 12:00:00","BZN|IT-South","Geothermal","n/e"
"28/08/2026 12:00:00 - 28/08/2026 12:15:00","BZN|IT-South","Geothermal","n/e"
"28/08/2026 12:15:00 - 28/08/2026 12:30:00","BZN|IT-South","Geothermal","n/e"
"28/08/2026 12:30:00 - 28/08/2026 12:45:00","BZN|IT-South","Geothermal","n/e"
"28/08/2026 12:45:00 - 28/08/2026 13:00:00","BZN|IT-South","Geothermal","n/e"
"28/08/2026 13:00:00 - 28/08/2026 13:15:00","BZN|IT-South","Geothermal","n/e"
"28/08/2026 13:15:00 - 28/08/2026 13:30:00","BZN|IT-South","Geothermal","n/e"
"28/08/2026 13:30:00 - 28/08/2026 13:45:00","BZN|IT-South","Geothermal","n/e"
"28/08/2026 13:45:00 - 28/08/2026 14:00:00","BZN|IT-South","Geothermal","n/e"
"28/08/2026 14:00:00 - 28/08/2026 14:15:00","BZN|IT-South","Geothermal","n/e"
"28/08/2026 14:15:00 - 28/08/2026 14:30:00","BZN|IT-South","Geothermal","n/e"
"28/08/2026 14:30:00 - 28/08/2026 14:45:00","BZN|IT-South","Geothermal","n/e"
"28/08/2026 14:45:00 - 28/08/2026 15:00:00","BZN|IT-South","Geothermal","n/e"
"28/08/2026 15:00:00 - 28/08/2026 15:15:00","BZN|IT-South","Geothermal","n/e"
"28/08/2026 15:15:00 - 28/08/2026 15:30:00","BZN|IT-South","Geothermal","n/e"
"28/08/2026 15:30:00 - 28/08/2026 15:45:00","BZN|IT-South","Geothermal","n/e"
"28/08/2026 15:45:00 - 28/08/2026 16:00:00","BZN|IT-South","Geothermal","n/e"
"28/08/2026 16:00:00 - 28/08/2026 16:15:00","BZN|IT-South","Geothermal","n/e"
"28/08/2026 16:15:00 - 28/08/2026 16:30:00","BZN|IT-South","Geothermal","n/e"
"28/08/2026 16:30:00 - 28/08/2026 16:45:00","BZN|IT-South","Geothermal","n/e"
"28/08/2026 16:45:00 - 28/08/2026 17:00:00","BZN|IT-South","Geothermal","n/e"
"28/08/2026 17:00:00 - 28/08/2026 17:15:00","BZN|IT-South","Geothermal","n/e"
"28/08/2026 17:15:00 - 28/08/2026 17:30:00","BZN|IT-South","Geothermal","n/e"
"28/08/2026 17:30:00 - 28/08/2026 17:45:00","BZN|IT-South","Geothermal","n/e"
"28/08/2026 17:45:00 - 28/08/2026 18:00:00","BZN|IT-South","Geothermal","n/e"
"28/08/2026 18:00:00 - 28/08/2026 18:15:00","BZN|IT-South","Geothermal","n/e"
"28/08/2026 18:15:00 - 28/08/2026 18:30:00","BZN|IT-South","Geothermal","n/e"
"28/08/2026 18:30:00 - 28/08/2026 18:45:00","BZN|IT-South","Geothermal","n/e"
"28/08/2026 18:45:00 - 28/08/2026 19:00:00","BZN|IT-South","Geothermal","n/e"
"28/08/2026 19:00:00 - 28/08/2026 19:15:00","BZN|IT-South","Geothermal","n/e"
"28/08/2026 19:15:00 - 28/08/2026 19:30:00","BZN|IT-South","Geothermal","n/e"
"28/08/2026 19:30:00 - 28/08/2026 19:45:00","BZN|IT-South","Geothermal","n/e"
"28/08/2026 19:45:00 - 28/08/2026 20:00:00","BZN|IT-South","Geothermal","n/e"
"28/08/2026 20:00:00 - 28/08/2026 20:15:00","BZN|IT-South","Geothermal","n/e"
"28/08/2026 20:15:00 - 28/08/2026 20:30:00","BZN|IT-South","Geothermal","n/e"
"28/08/2026 20:30:00 - 28/08/2026 20:45:00","BZN|IT-South","Geothermal","n/e"
"28/08/2026 20:45:00 - 28/08/2026 21:00:00","BZN|IT-South","Geothermal","n/e"
"28/08/2026 21:00:00 - 28/08/2026 21:15:00","BZN|IT-South","Geothermal","n/e"
"28/08/2026 21:15:00 - 28/08/2026 21:30:00","BZN|IT-South","Geothermal","n/e"
"28/08/2026 21:30:00 - 28/08/2026 21:45:00","BZN|IT-South","Geothermal","n/e"
"28/08/2026 21:45:00 - 28/08/2026 22:00:00","BZN|IT-South","Geothermal","n/e"
"28/08/2026 22:00:00 - 28/08/2026 22:15:00","BZN|IT-South","Geothermal","n/e"
"28/08/2026 22:15:00 - 28/08/2026 22:30:00","BZN|IT-South","Geothermal","n/e"
"28/08/2026 22:30:00 - 28/08/2026 22:45:00","BZN|IT-South","Geothermal","n/e"
"28/08/2026 22:45:00 - 28/08/2026 23:00:00","BZN|IT-South","Geothermal","n/e"
"28/08/2026 23:00:00 - 28/08/2026 23:15:00","BZN|IT-South","Geothermal","n/e"
"28/08/2026 23:15:00 - 28/08/2026 23:30:00","BZN|IT-South","Geothermal","n/e"
"28/08/2026 23:30:00 - 28/08/2026 23:45:00","BZN|IT-South","Geothermal","n/e"
"28/08/2026 23:45:00 - 29/08/2026 00:00:00","BZN|IT-South","Geothermal","n/e"
"28/08/2026 00:00:00 - 28/08/2026 00:15:00","BZN|IT-South","Hydro Pumped Storage","n/e"
"28/08/2026 00:15:00 - 28/08/2026 00:30:00","BZN|IT-South","Hydro Pumped Storage","n/e"
"28/08/2026 00:30:00 - 28/08/2026 00:45:00","BZN|IT-South","Hydro Pumped Storage","n/e"
"28/08/2026 00:45:00 - 28/08/2026 01:00:00","BZN|IT-South","Hydro Pumped Storage","n/e"
"28/08/2026 01:00:00 - 28/08/2026 01:15:00","BZN|IT-South","Hydro Pumped Storage","n/e"
"28/08/2026 01:15:00 - 28/08/2026 01:30:00","BZN|IT-South","Hydro Pumped Storage","n/e"
"28/08/2026 01:30:00 - 28/08/2026 01:45:00","BZN|IT-South","Hydro Pumped Storage","n/e"
"28/08/2026 01:45:00 - 28/08/2026 02:00:00","BZN|IT-South","Hydro Pumped Storage","n/e"
"28/08/2026 02:00:00 - 28/08/2026 02:15:00","BZN|IT-South","Hydro Pumped Storage","n/e"
"28/08/2026 02:15:00 - 28/08/2026 02:30:00","BZN|IT-South","Hydro Pumped Storage","n/e"
"28/08/2026 02:30:00 - 28/08/2026 02:45:00","BZN|IT-South","Hydro Pumped Storage","n/e"
"28/08/2026 02:45:00 - 28/08/2026 03:00:00","BZN|IT-South","Hydro Pumped Storage","n/e"
"28/08/2026 03:00:00 - 28/08/2026 03:15:00","BZN|IT-South","Hydro Pumped Storage","n/e"
"28/08/2026 03:15:00 - 28/08/2026 03:30:00","BZN|IT-South","Hydro Pumped Storage","n/e"
"28/08/2026 03:30:00 - 28/08/2026 03:45:00","BZN|IT-South","Hydro Pumped Storage","n/e"
"28/08/2026 03:45:00 - 28/08/2026 04:00:00","BZN|IT-South","Hydro Pumped Storage","n/e"
"28/08/2026 04:00:00 - 28/08/2026 04:15:00","BZN|IT-South","Hydro Pumped Storage","n/e"
"28/08/2026 04:15:00 - 28/08/2026 04:30:00","BZN|IT-South","Hydro Pumped Storage","n/e"
"28/08/2026 04:30:00 - 28/08/2026 04:45:00","BZN|IT-South","Hydro Pumped Storage","n/e"
"28/08/2026 04:45:00 - 28/08/2026 05:00:00","BZN|IT-South","Hydro Pumped Storage","n/e"
"28/08/2026 05:00:00 - 28/08/2026 05:15:00","BZN|IT-South","Hydro Pumped Storage","n/e"
"28/08/2026 05:15:00 - 28/08/2026 05:30:00","BZN|IT-South","Hydro Pumped Storage","n/e"
"28/08/2026 05:30:00 - 28/08/2026 05:45:00","BZN|IT-South","Hydro Pumped Storage","n/e"
"28/08/2026 05:45:00 - 28/08/2026 06:00:00","BZN|IT-South","Hydro Pumped Storage","n/e"
"28/08/2026 06:00:00 - 28/08/2026 06:15:00","BZN|IT-South","Hydro Pumped Storage","n/e"
"28/08/2026 06:15:00 - 28/08/2026 06:30:00","BZN|IT-South","Hydro Pumped Storage","n/e"
"28/08/2026 06:30:00 - 28/08/2026 06:45:00","BZN|IT-South","Hydro Pumped Storage","n/e"
"28/08/2026 06:45:00 - 28/08/2026 07:00:00","BZN|IT-South","Hydro Pumped Storage","n/e"
"28/08/2026 07:00:00 - 28/08/2026 07:15:00","BZN|IT-South","Hydro Pumped Storage","n/e"
"28/08/2026 07:15:00 - 28/08/2026 07:30:00","BZN|IT-South","Hydro Pumped Storage","n/e"
"28/08/2026 07:30:00 - 28/08/2026 07:45:00","BZN|IT-South","Hydro Pumped Storage","n/e"
"28/08/2026 07:45:00 - 28/08/2026 08:00:00","BZN|IT-South","Hydro Pumped Storage","n/e"
"28/08/2026 08:00:00 - 28/08/2026 08:15:00","BZN|IT-South","Hydro Pumped Storage","n/e"
"28/08/2026 08:15:00 - 28/08/2026 08:30:00","BZN|IT-South","Hydro Pumped Storage","n/e"
"28/08/2026 08:30:00 - 28/08/2026 08:45:00","BZN|IT-South","Hydro Pumped Storage","n/e"
"28/08/2026 08:45:00 - 28/08/2026 09:00:00","BZN|IT-South","Hydro Pumped Storage","n/e"
"28/08/2026 09:00:00 - 28/08/2026 09:15:00","BZN|IT-South","Hydro Pumped Storage","n/e"
"28/08/2026 09:15:00 - 28/08/2026 09:30:00","BZN|IT-South","Hydro Pumped Storage","n/e"
"28/08/2026 09:30:00 - 28/08/2026 09:45:00","BZN|IT-South","Hydro Pumped Storage","n/e"
"28/08/2026 09:45:00 - 28/08/2026 10:00:00","BZN|IT-South","Hydro Pumped Storage","n/e"
"28/08/2026 10:00:00 - 28/08/2026 10:15:00","BZN|IT-South","Hydro Pumped Storage","n/e"
"28/08/2026 10:15:00 - 28/08/2026 10:30:00","BZN|IT-South","Hydro Pumped Storage","n/e"
"28/08/2026 10:30:00 - 28/08/2026 10:45:00","BZN|IT-South","Hydro Pumped Storage","n/e"
"28/08/2026 10:45:00 - 28/08/2026 11:00:00","BZN|IT-South","Hydro Pumped Storage","n/e"
"28/08/2026 11:00:00 - 28/08/2026 11:15:00","BZN|IT-South","Hydro Pumped Storage","n/e"
"28/08/2026 11:15:00 - 28/08/2026 11:30:00","BZN|IT-South","Hydro Pumped Storage","n/e"
"28/08/2026 11:30:00 - 28/08/2026 11:45:00","BZN|IT-South","Hydro Pumped Storage","n/e"
"28/08/2026 11:45:00 - 28/08/2026 12:00:00","BZN|IT-South","Hydro Pumped Storage","n/e"
"28/08/2026 12:00:00 - 28/08/2026 12:15:00","BZN|IT-South","Hydro Pumped Storage","n/e"
"28/08/2026 12:15:00 - 28/08/2026 12:30:00","BZN|IT-South","Hydro Pumped Storage","n/e"
"28/08/2026 12:30:00 - 28/08/2026 12:45:00","BZN|IT-South","Hydro Pumped Storage","n/e"
"28/08/2026 12:45:00 - 28/08/2026 13:00:00","BZN|IT-South","Hydro Pumped Storage","n/e"
"28/08/2026 13:00:00 - 28/08/2026 13:15:00","BZN|IT-South","Hydro Pumped Storage","n/e"
"28/08/2026 13:15:00 - 28/08/2026 13:30:00","BZN|IT-South","Hydro Pumped Storage","n/e"
"28/08/2026 13:30:00 - 28/08/2026 13:45:00","BZN|IT-South","Hydro Pumped Storage","n/e"
"28/08/2026 13:45:00 - 28/08/2026 14:00:00","BZN|IT-South","Hydro Pumped Storage","n/e"
"28/08/2026 14:00:00 - 28/08/2026 14:15:00","BZN|IT-South","Hydro Pumped Storage","n/e"
"28/08/2026 14:15:00 - 28/08/2026 14:30:00","BZN|IT-South","Hydro Pumped Storage","n/e"
"28/08/2026 14:30:00 - 28/08/2026 14:45:00","BZN|IT-South","Hydro Pumped Storage","n/e"
"28/08/2026 14:45:00 - 28/08/2026 15:00:00","BZN|IT-South","Hydro Pumped Storage","n/e"
"28/08/2026 15:00:00 - 28/08/2026 15:15:00","BZN|IT-South","Hydro Pumped Storage","n/e"
"28/08/2026 15:15:00 - 28/08/2026 15:30:00","BZN|IT-South","Hydro Pumped Storage","n/e"
"28/08/2026 15:30:00 - 28/08/2026 15:45:00","BZN|IT-South","Hydro Pumped Storage","n/e"
"28/08/2026 15:45:00 - 28/08/2026 16:00:00","BZN|IT-South","Hydro Pumped Storage","n/e"
"28/08/2026 16:00:00 - 28/08/2026 16:15:00","BZN|IT-South","Hydro Pumped Storage","n/e"
"28/08/2026 16:15:00 - 28/08/2026 16:30:00","BZN|IT-South","Hydro Pumped Storage","n/e"
"28/08/2026 16:30:00 - 28/08/2026 16:45:00","BZN|IT-South","Hydro Pumped Storage","n/e"
"28/08/2026 16:45:00 - 28/08/2026 17:00:00","BZN|IT-South","Hydro Pumped Storage","n/e"
"28/08/2026 17:00:00 - 28/08/2026 17:15:00","BZN|IT-South","Hydro Pumped Storage","n/e"
"28/08/2026 17:15:00 - 28/08/2026 17:30:00","BZN|IT-South","Hydro Pumped Storage","n/e"
"28/08/2026 17:30:00 - 28/08/2026 17:45:00","BZN|IT-South","Hydro Pumped Storage","n/e"
"28/08/2026 17:45:00 - 28/08/2026 18:00:00","BZN|IT-South","Hydro Pumped Storage","n/e"
"28/08/2026 18:00:00 - 28/08/2026 18:15:00","BZN|IT-South","Hydro Pumped Storage","n/e"
"28/08/2026 18:15:00 - 28/08/2026 18:30:00","BZN|IT-South","Hydro Pumped Storage","n/e"
"28/08/2026 18:30:00 - 28/08/2026 18:45:00","BZN|IT-South","Hydro Pumped Storage","n/e"
"28/08/2026 18:45:00 - 28/08/2026 19:00:00","BZN|IT-South","Hydro Pumped Storage","n/e"
"28/08/2026 19:00:00 - 28/08/2026 19:15:00","BZN|IT-South","Hydro Pumped Storage","n/e"
"28/08/2026 19:15:00 - 28/08/2026 19:30:00","BZN|IT-South","Hydro Pumped Storage","n/e"
"28/08/2026 19:30:00 - 28/08/2026 19:45:00","BZN|IT-South","Hydro Pumped Storage","n/e"
"28/08/2026 19:45:00 - 28/08/2026 20:00:00","BZN|IT-South","Hydro Pumped Storage","n/e"
"28/08/2026 20:00:00 - 28/08/2026 20:15:00","BZN|IT-South","Hydro Pumped Storage","n/e"
"28/08/2026 20:15:00 - 28/08/2026 20:30:00","BZN|IT-South","Hydro Pumped Storage","n/e"
"28/08/2026 20:30:00 - 28/08/2026 20:45:00","BZN|IT-South","Hydro Pumped Storage","n/e"
"28/08/2026 20:45:00 - 28/08/2026 21:00:00","BZN|IT-South","Hydro Pumped Storage","n/e"
"28/08/2026 21:00:00 - 28/08/2026 21:15:00","BZN|IT-South","Hydro Pumped Storage","n/e"
"28/08/2026 21:15:00 - 28/08/2026 21:30:00","BZN|IT-South","Hydro Pumped Storage","n/e"
"28/08/2026 21:30:00 - 28/08/2026 21:45:00","BZN|IT-South","Hydro Pumped Storage","n/e"
"28/08/2026 21:45:00 - 28/08/2026 22:00:00","BZN|IT-South","Hydro Pumped Storage","n/e"
"28/08/2026 22:00:00 - 28/08/2026 22:15:00","BZN|IT-South","Hydro Pumped Storage","n/e"
"28/08/2026 22:15:00 - 28/08/2026 22:30:00","BZN|IT-South","Hydro Pumped Storage","n/e"
"28/08/2026 22:30:00 - 28/08/2026 22:45:00","BZN|IT-South","Hydro Pumped Storage","n/e"
"28/08/2026 22:45:00 - 28/08/2026 23:00:00","BZN|IT-South","Hydro Pumped Storage","n/e"
"28/08/2026 23:00:00 - 28/08/2026 23:15:00","BZN|IT-South","Hydro Pumped Storage","n/e"
"28/08/2026 23:15:00 - 28/08/2026 23:30:00","BZN|IT-South","Hydro Pumped Storage","n/e"
"28/08/2026 23:30:00 - 28/08/2026 23:45:00","BZN|IT-South","Hydro Pumped Storage","n/e"
"28/08/2026 23:45:00 - 29/08/2026 00:00:00","BZN|IT-South","Hydro Pumped Storage","n/e"
"28/08/2026 00:00:00 - 28/08/2026 00:15:00","BZN|IT-South","Hydro Run-of-river and pondage","12.00"
"28/08/2026 00:15:00 - 28/08/2026 00:30:00","BZN|IT-South","Hydro Run-of-river and pondage","12.00"
"28/08/2026 00:30:00 - 28/08/2026 00:45:00","BZN|IT-South","Hydro Run-of-river and pondage","12.00"
"28/08/2026 00:45:00 - 28/08/2026 01:00:00","BZN|IT-South","Hydro Run-of-river and pondage","12.00"
"28/08/2026 01:00:00 - 28/08/2026 01:15:00","BZN|IT-South","Hydro Run-of-river and pondage","12.00"
"28/08/2026 01:15:00 - 28/08/2026 01:30:00","BZN|IT-South","Hydro Run-of-river and pondage","12.00"
"28/08/2026 01:30:00 - 28/08/2026 01:45:00","BZN|IT-South","Hydro Run-of-river and pondage","12.00"
"28/08/2026 01:45:00 - 28/08/2026 02:00:00","BZN|IT-South","Hydro Run-of-river and pondage","12.00"
"28/08/2026 02:00:00 - 28/08/2026 02:15:00","BZN|IT-South","Hydro Run-of-river and pondage","12.00"
"28/08/2026 02:15:00 - 28/08/2026 02:30:00","BZN|IT-South","Hydro Run-of-river and pondage","12.00"
"28/08/2026 02:30:00 - 28/08/2026 02:45:00","BZN|IT-South","Hydro Run-of-river and pondage","12.00"
"28/08/2026 02:45:00 - 28/08/2026 03:00:00","BZN|IT-South","Hydro Run-of-river and pondage","12.00"
"28/08/2026 03:00:00 - 28/08/2026 03:15:00","BZN|IT-South","Hydro Run-of-river and pondage","12.00"
"28/08/2026 03:15:00 - 28/08/2026 03:30:00","BZN|IT-South","Hydro Run-of-river and pondage","12.00"
"28/08/2026 03:30:00 - 28/08/2026 03:45:00","BZN|IT-South","Hydro Run-of-river and pondage","12.00"
"28/08/2026 03:45:00 - 28/08/2026 04:00:00","BZN|IT-South","Hydro Run-of-river and pondage","12.00"
"28/08/2026 04:00:00 - 28/08/2026 04:15:00","BZN|IT-South","Hydro Run-of-river and pondage","12.00"
"28/08/2026 04:15:00 - 28/08/2026 04:30:00","BZN|IT-South","Hydro Run-of-river and pondage","12.00"
"28/08/2026 04:30:00 - 28/08/2026 04:45:00","BZN|IT-South","Hydro Run-of-river and pondage","12.00"
"28/08/2026 04:45:00 - 28/08/2026 05:00:00","BZN|IT-South","Hydro Run-of-river and pondage","12.00"
"28/08/2026 05:00:00 - 28/08/2026 05:15:00","BZN|IT-South","Hydro Run-of-river and pondage","12.00"
"28/08/2026 05:15:00 - 28/08/2026 05:30:00","BZN|IT-South","Hydro Run-of-river and pondage","12.00"
"28/08/2026 05:30:00 - 28/08/2026 05:45:00","BZN|IT-South","Hydro Run-of-river and pondage","12.00"
"28/08/2026 05:45:00 - 28/08/2026 06:00:00","BZN|IT-South","Hydro Run-of-river and pondage","12.00"
"28/08/2026 06:00:00 - 28/08/2026 06:15:00","BZN|IT-South","Hydro Run-of-river and pondage","12.00"
"28/08/2026 06:15:00 - 28/08/2026 06:30:00","BZN|IT-South","Hydro Run-of-river and pondage","12.00"
"28/08/2026 06:30:00 - 28/08/2026 06:45:00","BZN|IT-South","Hydro Run-of-river and pondage","11.00"
"28/08/2026 06:45:00 - 28/08/2026 07:00:00","BZN|IT-South","Hydro Run-of-river and pondage","12.00"
"28/08/2026 07:00:00 - 28/08/2026 07:15:00","BZN|IT-South","Hydro Run-of-river and pondage","12.00"
"28/08/2026 07:15:00 - 28/08/2026 07:30:00","BZN|IT-South","Hydro Run-of-river and pondage","12.00"
"28/08/2026 07:30:00 - 28/08/2026 07:45:00","BZN|IT-South","Hydro Run-of-river and pondage","12.00"
"28/08/2026 07:45:00 - 28/08/2026 08:00:00","BZN|IT-South","Hydro Run-of-river and pondage","12.00"
"28/08/2026 08:00:00 - 28/08/2026 08:15:00","BZN|IT-South","Hydro Run-of-river and pondage","12.00"
"28/08/2026 08:15:00 - 28/08/2026 08:30:00","BZN|IT-South","Hydro Run-of-river and pondage","12.00"
"28/08/2026 08:30:00 - 28/08/2026 08:45:00","BZN|IT-South","Hydro Run-of-river and pondage","12.00"
"28/08/2026 08:45:00 - 28/08/2026 09:00:00","BZN|IT-South","Hydro Run-of-river and pondage","11.00"
"28/08/2026 09:00:00 - 28/08/2026 09:15:00","BZN|IT-South","Hydro Run-of-river and pondage","11.00"
"28/08/2026 09:15:00 - 28/08/2026 09:30:00","BZN|IT-South","Hydro Run-of-river and pondage","11.00"
"28/08/2026 09:30:00 - 28/08/2026 09:45:00","BZN|IT-South","Hydro Run-of-river and pondage","11.00"
"28/08/2026 09:45:00 - 28/08/2026 10:00:00","BZN|IT-South","Hydro Run-of-river and pondage","11.00"
"28/08/2026 10:00:00 - 28/08/2026 10:15:00","BZN|IT-South","Hydro Run-of-river and pondage","11.00"
"28/08/2026 10:15:00 - 28/08/2026 10:30:00","BZN|IT-South","Hydro Run-of-river and pondage","11.00"
"28/08/2026 10:30:00 - 28/08/2026 10:45:00","BZN|IT-South","Hydro Run-of-river and pondage","11.00"
"28/08/2026 10:45:00 - 28/08/2026 11:00:00","BZN|IT-South","Hydro Run-of-river and pondage","11.00"
"28/08/2026 11:00:00 - 28/08/2026 11:15:00","BZN|IT-South","Hydro Run-of-river and pondage","11.00"
"28/08/2026 11:15:00 - 28/08/2026 11:30:00","BZN|IT-South","Hydro Run-of-river and pondage","7.00"
"28/08/2026 11:30:00 - 28/08/2026 11:45:00","BZN|IT-South","Hydro Run-of-river and pondage","7.00"
"28/08/2026 11:45:00 - 28/08/2026 12:00:00","BZN|IT-South","Hydro Run-of-river and pondage","7.00"
"28/08/2026 12:00:00 - 28/08/2026 12:15:00","BZN|IT-South","Hydro Run-of-river and pondage","-"
"28/08/2026 12:15:00 - 28/08/2026 12:30:00","BZN|IT-South","Hydro Run-of-river and pondage","-"
"28/08/2026 12:30:00 - 28/08/2026 12:45:00","BZN|IT-South","Hydro Run-of-river and pondage","-"
"28/08/2026 12:45:00 - 28/08/2026 13:00:00","BZN|IT-South","Hydro Run-of-river and pondage","-"
"28/08/2026 13:00:00 - 28/08/2026 13:15:00","BZN|IT-South","Hydro Run-of-river and pondage","-"
"28/08/2026 13:15:00 - 28/08/2026 13:30:00","BZN|IT-South","Hydro Run-of-river and pondage","-"
"28/08/2026 13:30:00 - 28/08/2026 13:45:00","BZN|IT-South","Hydro Run-of-river and pondage","-"
"28/08/2026 13:45:00 - 28/08/2026 14:00:00","BZN|IT-South","Hydro Run-of-river and pondage","-"
"28/08/2026 14:00:00 - 28/08/2026 14:15:00","BZN|IT-South","Hydro Run-of-river and pondage","-"
"28/08/2026 14:15:00 - 28/08/2026 14:30:00","BZN|IT-South","Hydro Run-of-river and pondage","-"
"28/08/2026 14:30:00 - 28/08/2026 14:45:00","BZN|IT-South","Hydro Run-of-river and pondage","-"
"28/08/2026 14:45:00 - 28/08/2026 15:00:00","BZN|IT-South","Hydro Run-of-river and pondage","-"
"28/08/2026 15:00:00 - 28/08/2026 15:15:00","BZN|IT-South","Hydro Run-of-river and pondage","-"
"28/08/2026 15:15:00 - 28/08/2026 15:30:00","BZN|IT-South","Hydro Run-of-river and pondage","-"
"28/08/2026 15:30:00 - 28/08/2026 15:45:00","BZN|IT-South","Hydro Run-of-river and pondage","-"
"28/08/2026 15:45:00 - 28/08/2026 16:00:00","BZN|IT-South","Hydro Run-of-river and pondage","-"
"28/08/2026 16:00:00 - 28/08/2026 16:15:00","BZN|IT-South","Hydro Run-of-river and pondage","-"
"28/08/2026 16:15:00 - 28/08/2026 16:30:00","BZN|IT-South","Hydro Run-of-river and pondage","-"
"28/08/2026 16:30:00 - 28/08/2026 16:45:00","BZN|IT-South","Hydro Run-of-river and pondage","-"
"28/08/2026 16:45:00 - 28/08/2026 17:00:00","BZN|IT-South","Hydro Run-of-river and pondage","-"
"28/08/2026 17:00:00 - 28/08/2026 17:15:00","BZN|IT-South","Hydro Run-of-river and pondage","-"
"28/08/2026 17:15:00 - 28/08/2026 17:30:00","BZN|IT-South","Hydro Run-of-river and pondage","-"
"28/08/2026 17:30:00 - 28/08/2026 17:45:00","BZN|IT-South","Hydro Run-of-river and pondage","-"
"28/08/2026 17:45:00 - 28/08/2026 18:00:00","BZN|IT-South","Hydro Run-of-river and pondage","-"
"28/08/2026 18:00:00 - 28/08/2026 18:15:00","BZN|IT-South","Hydro Run-of-river and pondage","-"
"28/08/2026 18:15:00 - 28/08/2026 18:30:00","BZN|IT-South","Hydro Run-of-river and pondage","-"
"28/08/2026 18:30:00 - 28/08/2026 18:45:00","BZN|IT-South","Hydro Run-of-river and pondage","-"
"28/08/2026 18:45:00 - 28/08/2026 19:00:00","BZN|IT-South","Hydro Run-of-river and pondage","-"
"28/08/2026 19:00:00 - 28/08/2026 19:15:00","BZN|IT-South","Hydro Run-of-river and pondage","-"
"28/08/2026 19:15:00 - 28/08/2026 19:30:00","BZN|IT-South","Hydro Run-of-river and pondage","-"
"28/08/2026 19:30:00 - 28/08/2026 19:45:00","BZN|IT-South","Hydro Run-of-river and pondage","-"
"28/08/2026 19:45:00 - 28/08/2026 20:00:00","BZN|IT-South","Hydro Run-of-river and pondage","-"
"28/08/2026 20:00:00 - 28/08/2026 20:15:00","BZN|IT-South","Hydro Run-of-river and pondage","-"
"28/08/2026 20:15:00 - 28/08/2026 20:30:00","BZN|IT-South","Hydro Run-of-river and pondage","-"
"28/08/2026 20:30:00 - 28/08/2026 20:45:00","BZN|IT-South","Hydro Run-of-river and pondage","-"
"28/08/2026 20:45:00 - 28/08/2026 21:00:00","BZN|IT-South","Hydro Run-of-river and pondage","-"
"28/08/2026 21:00:00 - 28/08/2026 21:15:00","BZN|IT-South","Hydro Run-of-river and pondage","-"
"28/08/2026 21:15:00 - 28/08/2026 21:30:00","BZN|IT-South","Hydro Run-of-river and pondage","-"
"28/08/2026 21:30:00 - 28/08/2026 21:45:00","BZN|IT-South","Hydro Run-of-river and pondage","-"
"28/08/2026 21:45:00 - 28/08/2026 22:00:00","BZN|IT-South","Hydro Run-of-river and pondage","-"
"28/08/2026 22:00:00 - 28/08/2026 22:15:00","BZN|IT-South","Hydro Run-of-river and pondage","-"
"28/08/2026 22:15:00 - 28/08/2026 22:30:00","BZN|IT-South","Hydro Run-of-river and pondage","-"
"28/08/2026 22:30:00 - 28/08/2026 22:45:00","BZN|IT-South","Hydro Run-of-river and pondage","-"
"28/08/2026 22:45:00 - 28/08/2026 23:00:00","BZN|IT-South","Hydro Run-of-river and pondage","-"
"28/08/2026 23:00:00 - 28/08/2026 23:15:00","BZN|IT-South","Hydro Run-of-river and pondage","-"
"28/08/2026 23:15:00 - 28/08/2026 23:30:00","BZN|IT-South","Hydro Run-of-river and pondage","-"
"28/08/2026 23:30:00 - 28/08/2026 23:45:00","BZN|IT-South","Hydro Run-of-river and pondage","-"
"28/08/2026 23:45:00 - 29/08/2026 00:00:00","BZN|IT-South","Hydro Run-of-river and pondage","-"
"28/08/2026 00:00:00 - 28/08/2026 00:15:00","BZN|IT-South","Hydro Water Reservoir","19.00"
"28/08/2026 00:15:00 - 28/08/2026 00:30:00","BZN|IT-South","Hydro Water Reservoir","19.00"
"28/08/2026 00:30:00 - 28/08/2026 00:45:00","BZN|IT-South","Hydro Water Reservoir","19.00"
"28/08/2026 00:45:00 - 28/08/2026 01:00:00","BZN|IT-South","Hydro Water Reservoir","19.00"
"28/08/2026 01:00:00 - 28/08/2026 01:15:00","BZN|IT-South","Hydro Water Reservoir","19.00"
"28/08/2026 01:15:00 - 28/08/2026 01:30:00","BZN|IT-South","Hydro Water Reservoir","19.00"
"28/08/2026 01:30:00 - 28/08/2026 01:45:00","BZN|IT-South","Hydro Water Reservoir","19.00"
"28/08/2026 01:45:00 - 28/08/2026 02:00:00","BZN|IT-South","Hydro Water Reservoir","19.00"
"28/08/2026 02:00:00 - 28/08/2026 02:15:00","BZN|IT-South","Hydro Water Reservoir","19.00"
"28/08/2026 02:15:00 - 28/08/2026 02:30:00","BZN|IT-South","Hydro Water Reservoir","19.00"
"28/08/2026 02:30:00 - 28/08/2026 02:45:00","BZN|IT-South","Hydro Water Reservoir","19.00"
"28/08/2026 02:45:00 - 28/08/2026 03:00:00","BZN|IT-South","Hydro Water Reservoir","19.00"
"28/08/2026 03:00:00 - 28/08/2026 03:15:00","BZN|IT-South","Hydro Water Reservoir","19.00"
"28/08/2026 03:15:00 - 28/08/2026 03:30:00","BZN|IT-South","Hydro Water Reservoir","19.00"
"28/08/2026 03:30:00 - 28/08/2026 03:45:00","BZN|IT-South","Hydro Water Reservoir","19.00"
"28/08/2026 03:45:00 - 28/08/2026 04:00:00","BZN|IT-South","Hydro Water Reservoir","19.00"
"28/08/2026 04:00:00 - 28/08/2026 04:15:00","BZN|IT-South","Hydro Water Reservoir","19.00"
"28/08/2026 04:15:00 - 28/08/2026 04:30:00","BZN|IT-South","Hydro Water Reservoir","19.00"
"28/08/2026 04:30:00 - 28/08/2026 04:45:00","BZN|IT-South","Hydro Water Reservoir","19.00"
"28/08/2026 04:45:00 - 28/08/2026 05:00:00","BZN|IT-South","Hydro Water Reservoir","19.00"
"28/08/2026 05:00:00 - 28/08/2026 05:15:00","BZN|IT-South","Hydro Water Reservoir","19.00"
"28/08/2026 05:15:00 - 28/08/2026 05:30:00","BZN|IT-South","Hydro Water Reservoir","19.00"
"28/08/2026 05:30:00 - 28/08/2026 05:45:00","BZN|IT-South","Hydro Water Reservoir","19.00"
"28/08/2026 05:45:00 - 28/08/2026 06:00:00","BZN|IT-South","Hydro Water Reservoir","19.00"
"28/08/2026 06:00:00 - 28/08/2026 06:15:00","BZN|IT-South","Hydro Water Reservoir","19.00"
"28/08/2026 06:15:00 - 28/08/2026 06:30:00","BZN|IT-South","Hydro Water Reservoir","19.00"
"28/08/2026 06:30:00 - 28/08/2026 06:45:00","BZN|IT-South","Hydro Water Reservoir","19.00"
"28/08/2026 06:45:00 - 28/08/2026 07:00:00","BZN|IT-South","Hydro Water Reservoir","19.00"
"28/08/2026 07:00:00 - 28/08/2026 07:15:00","BZN|IT-South","Hydro Water Reservoir","19.00"
"28/08/2026 07:15:00 - 28/08/2026 07:30:00","BZN|IT-South","Hydro Water Reservoir","19.00"
"28/08/2026 07:30:00 - 28/08/2026 07:45:00","BZN|IT-South","Hydro Water Reservoir","19.00"
"28/08/2026 07:45:00 - 28/08/2026 08:00:00","BZN|IT-South","Hydro Water Reservoir","19.00"
"28/08/2026 08:00:00 - 28/08/2026 08:15:00","BZN|IT-South","Hydro Water Reservoir","19.00"
"28/08/2026 08:15:00 - 28/08/2026 08:30:00","BZN|IT-South","Hydro Water Reservoir","19.00"
"28/08/2026 08:30:00 - 28/08/2026 08:45:00","BZN|IT-South","Hydro Water Reservoir","19.00"
"28/08/2026 08:45:00 - 28/08/2026 09:00:00","BZN|IT-South","Hydro Water Reservoir","18.00"
"28/08/2026 09:00:00 - 28/08/2026 09:15:00","BZN|IT-South","Hydro Water Reservoir","2.00"
"28/08/2026 09:15:00 - 28/08/2026 09:30:00","BZN|IT-South","Hydro Water Reservoir","0.00"
"28/08/2026 09:30:00 - 28/08/2026 09:45:00","BZN|IT-South","Hydro Water Reservoir","0.00"
"28/08/2026 09:45:00 - 28/08/2026 10:00:00","BZN|IT-South","Hydro Water Reservoir","0.00"
"28/08/2026 10:00:00 - 28/08/2026 10:15:00","BZN|IT-South","Hydro Water Reservoir","0.00"
"28/08/2026 10:15:00 - 28/08/2026 10:30:00","BZN|IT-South","Hydro Water Reservoir","0.00"
"28/08/2026 10:30:00 - 28/08/2026 10:45:00","BZN|IT-South","Hydro Water Reservoir","0.00"
"28/08/2026 10:45:00 - 28/08/2026 11:00:00","BZN|IT-South","Hydro Water Reservoir","0.00"
"28/08/2026 11:00:00 - 28/08/2026 11:15:00","BZN|IT-South","Hydro Water Reservoir","0.00"
"28/08/2026 11:15:00 - 28/08/2026 11:30:00","BZN|IT-South","Hydro Water Reservoir","0.00"
"28/08/2026 11:30:00 - 28/08/2026 11:45:00","BZN|IT-South","Hydro Water Reservoir","0.00"
"28/08/2026 11:45:00 - 28/08/2026 12:00:00","BZN|IT-South","Hydro Water Reservoir","0.00"
"28/08/2026 12:00:00 - 28/08/2026 12:15:00","BZN|IT-South","Hydro Water Reservoir","-"
"28/08/2026 12:15:00 - 28/08/2026 12:30:00","BZN|IT-South","Hydro Water Reservoir","-"
"28/08/2026 12:30:00 - 28/08/2026 12:45:00","BZN|IT-South","Hydro Water Reservoir","-"
"28/08/2026 12:45:00 - 28/08/2026 13:00:00","BZN|IT-South","Hydro Water Reservoir","-"
"28/08/2026 13:00:00 - 28/08/2026 13:15:00","BZN|IT-South","Hydro Water Reservoir","-"
"28/08/2026 13:15:00 - 28/08/2026 13:30:00","BZN|IT-South","Hydro Water Reservoir","-"
"28/08/2026 13:30:00 - 28/08/2026 13:45:00","BZN|IT-South","Hydro Water Reservoir","-"
"28/08/2026 13:45:00 - 28/08/2026 14:00:00","BZN|IT-South","Hydro Water Reservoir","-"
"28/08/2026 14:00:00 - 28/08/2026 14:15:00","BZN|IT-South","Hydro Water Reservoir","-"
"28/08/2026 14:15:00 - 28/08/2026 14:30:00","BZN|IT-South","Hydro Water Reservoir","-"
"28/08/2026 14:30:00 - 28/08/2026 14:45:00","BZN|IT-South","Hydro Water Reservoir","-"
"28/08/2026 14:45:00 - 28/08/2026 15:00:00","BZN|IT-South","Hydro Water Reservoir","-"
"28/08/2026 15:00:00 - 28/08/2026 15:15:00","BZN|IT-South","Hydro Water Reservoir","-"
"28/08/2026 15:15:00 - 28/08/2026 15:30:00","BZN|IT-South","Hydro Water Reservoir","-"
"28/08/2026 15:30:00 - 28/08/2026 15:45:00","BZN|IT-South","Hydro Water Reservoir","-"
"28/08/2026 15:45:00 - 28/08/2026 16:00:00","BZN|IT-South","Hydro Water Reservoir","-"
"28/08/2026 16:00:00 - 28/08/2026 16:15:00","BZN|IT-South","Hydro Water Reservoir","-"
"28/08/2026 16:15:00 - 28/08/2026 16:30:00","BZN|IT-South","Hydro Water Reservoir","-"
"28/08/2026 16:30:00 - 28/08/2026 16:45:00","BZN|IT-South","Hydro Water Reservoir","-"
"28/08/2026 16:45:00 - 28/08/2026 17:00:00","BZN|IT-South","Hydro Water Reservoir","-"
"28/08/2026 17:00:00 - 28/08/2026 17:15:00","BZN|IT-South","Hydro Water Reservoir","-"
"28/08/2026 17:15:00 - 28/08/2026 17:30:00","BZN|IT-South","Hydro Water Reservoir","-"
"28/08/2026 17:30:00 - 28/08/2026 17:45:00","BZN|IT-South","Hydro Water Reservoir","-"
"28/08/2026 17:45:00 - 28/08/2026 18:00:00","BZN|IT-South","Hydro Water Reservoir","-"
"28/08/2026 18:00:00 - 28/08/2026 18:15:00","BZN|IT-South","Hydro Water Reservoir","-"
"28/08/2026 18:15:00 - 28/08/2026 18:30:00","BZN|IT-South","Hydro Water Reservoir","-"
"28/08/2026 18:30:00 - 28/08/2026 18:45:00","BZN|IT-South","Hydro Water Reservoir","-"
"28/08/2026 18:45:00 - 28/08/2026 19:00:00","BZN|IT-South","Hydro Water Reservoir","-"
"28/08/2026 19:00:00 - 28/08/2026 19:15:00","BZN|IT-South","Hydro Water Reservoir","-"
"28/08/2026 19:15:00 - 28/08/2026 19:30:00","BZN|IT-South","Hydro Water Reservoir","-"
"28/08/2026 19:30:00 - 28/08/2026 19:45:00","BZN|IT-South","Hydro Water Reservoir","-"
"28/08/2026 19:45:00 - 28/08/2026 20:00:00","BZN|IT-South","Hydro Water Reservoir","-"
"28/08/2026 20:00:00 - 28/08/2026 20:15:00","BZN|IT-South","Hydro Water Reservoir","-"
"28/08/2026 20:15:00 - 28/08/2026 20:30:00","BZN|IT-South","Hydro Water Reservoir","-"
"28/08/2026 20:30:00 - 28/08/2026 20:45:00","BZN|IT-South","Hydro Water Reservoir","-"
"28/08/2026 20:45:00 - 28/08/2026 21:00:00","BZN|IT-South","Hydro Water Reservoir","-"
"28/08/2026 21:00:00 - 28/08/2026 21:15:00","BZN|IT-South","Hydro Water Reservoir","-"
"28/08/2026 21:15:00 - 28/08/2026 21:30:00","BZN|IT-South","Hydro Water Reservoir","-"
"28/08/2026 21:30:00 - 28/08/2026 21:45:00","BZN|IT-South","Hydro Water Reservoir","-"
"28/08/2026 21:45:00 - 28/08/2026 22:00:00","BZN|IT-South","Hydro Water Reservoir","-"
"28/08/2026 22:00:00 - 28/08/2026 22:15:00","BZN|IT-South","Hydro Water Reservoir","-"
"28/08/2026 22:15:00 - 28/08/2026 22:30:00","BZN|IT-South","Hydro Water Reservoir","-"
"28/08/2026 22:30:00 - 28/08/2026 22:45:00","BZN|IT-South","Hydro Water Reservoir","-"
"28/08/2026 22:45:00 - 28/08/2026 23:00:00","BZN|IT-South","Hydro Water Reservoir","-"
"28/08/2026 23:00:00 - 28/08/2026 23:15:00","BZN|IT-South","Hydro Water Reservoir","-"
"28/08/2026 23:15:00 - 28/08/2026 23:30:00","BZN|IT-South","Hydro Water Reservoir","-"
"28/08/2026 23:30:00 - 28/08/2026 23:45:00","BZN|IT-South","Hydro Water Reservoir","-"
"28/08/2026 23:45:00 - 29/08/2026 00:00:00","BZN|IT-South","Hydro Water Reservoir","-"
"28/08/2026 00:00:00 - 28/08/2026 00:15:00","BZN|IT-South","Marine","n/e"
"28/08/2026 00:15:00 - 28/08/2026 00:30:00","BZN|IT-South","Marine","n/e"
"28/08/2026 00:30:00 - 28/08/2026 00:45:00","BZN|IT-South","Marine","n/e"
"28/08/2026 00:45:00 - 28/08/2026 01:00:00","BZN|IT-South","Marine","n/e"
"28/08/2026 01:00:00 - 28/08/2026 01:15:00","BZN|IT-South","Marine","n/e"
"28/08/2026 01:15:00 - 28/08/2026 01:30:00","BZN|IT-South","Marine","n/e"
"28/08/2026 01:30:00 - 28/08/2026 01:45:00","BZN|IT-South","Marine","n/e"
"28/08/2026 01:45:00 - 28/08/2026 02:00:00","BZN|IT-South","Marine","n/e"
"28/08/2026 02:00:00 - 28/08/2026 02:15:00","BZN|IT-South","Marine","n/e"
"28/08/2026 02:15:00 - 28/08/2026 02:30:00","BZN|IT-South","Marine","n/e"
"28/08/2026 02:30:00 - 28/08/2026 02:45:00","BZN|IT-South","Marine","n/e"
"28/08/2026 02:45:00 - 28/08/2026 03:00:00","BZN|IT-South","Marine","n/e"
"28/08/2026 03:00:00 - 28/08/2026 03:15:00","BZN|IT-South","Marine","n/e"
"28/08/2026 03:15:00 - 28/08/2026 03:30:00","BZN|IT-South","Marine","n/e"
"28/08/2026 03:30:00 - 28/08/2026 03:45:00","BZN|IT-South","Marine","n/e"
"28/08/2026 03:45:00 - 28/08/2026 04:00:00","BZN|IT-South","Marine","n/e"
"28/08/2026 04:00:00 - 28/08/2026 04:15:00","BZN|IT-South","Marine","n/e"
"28/08/2026 04:15:00 - 28/08/2026 04:30:00","BZN|IT-South","Marine","n/e"
"28/08/2026 04:30:00 - 28/08/2026 04:45:00","BZN|IT-South","Marine","n/e"
"28/08/2026 04:45:00 - 28/08/2026 05:00:00","BZN|IT-South","Marine","n/e"
"28/08/2026 05:00:00 - 28/08/2026 05:15:00","BZN|IT-South","Marine","n/e"
"28/08/2026 05:15:00 - 28/08/2026 05:30:00","BZN|IT-South","Marine","n/e"
"28/08/2026 05:30:00 - 28/08/2026 05:45:00","BZN|IT-South","Marine","n/e"
"28/08/2026 05:45:00 - 28/08/2026 06:00:00","BZN|IT-South","Marine","n/e"
"28/08/2026 06:00:00 - 28/08/2026 06:15:00","BZN|IT-South","Marine","n/e"
"28/08/2026 06:15:00 - 28/08/2026 06:30:00","BZN|IT-South","Marine","n/e"
"28/08/2026 06:30:00 - 28/08/2026 06:45:00","BZN|IT-South","Marine","n/e"
"28/08/2026 06:45:00 - 28/08/2026 07:00:00","BZN|IT-South","Marine","n/e"
"28/08/2026 07:00:00 - 28/08/2026 07:15:00","BZN|IT-South","Marine","n/e"
"28/08/2026 07:15:00 - 28/08/2026 07:30:00","BZN|IT-South","Marine","n/e"
"28/08/2026 07:30:00 - 28/08/2026 07:45:00","BZN|IT-South","Marine","n/e"
"28/08/2026 07:45:00 - 28/08/2026 08:00:00","BZN|IT-South","Marine","n/e"
"28/08/2026 08:00:00 - 28/08/2026 08:15:00","BZN|IT-South","Marine","n/e"
"28/08/2026 08:15:00 - 28/08/2026 08:30:00","BZN|IT-South","Marine","n/e"
"28/08/2026 08:30:00 - 28/08/2026 08:45:00","BZN|IT-South","Marine","n/e"
"28/08/2026 08:45:00 - 28/08/2026 09:00:00","BZN|IT-South","Marine","n/e"
"28/08/2026 09:00:00 - 28/08/2026 09:15:00","BZN|IT-South","Marine","n/e"
"28/08/2026 09:15:00 - 28/08/2026 09:30:00","BZN|IT-South","Marine","n/e"
"28/08/2026 09:30:00 - 28/08/2026 09:45:00","BZN|IT-South","Marine","n/e"
"28/08/2026 09:45:00 - 28/08/2026 10:00:00","BZN|IT-South","Marine","n/e"
"28/08/2026 10:00:00 - 28/08/2026 10:15:00","BZN|IT-South","Marine","n/e"
"28/08/2026 10:15:00 - 28/08/2026 10:30:00","BZN|IT-South","Marine","n/e"
"28/08/2026 10:30:00 - 28/08/2026 10:45:00","BZN|IT-South","Marine","n/e"
"28/08/2026 10:45:00 - 28/08/2026 11:00:00","BZN|IT-South","Marine","n/e"
"28/08/2026 11:00:00 - 28/08/2026 11:15:00","BZN|IT-South","Marine","n/e"
"28/08/2026 11:15:00 - 28/08/2026 11:30:00","BZN|IT-South","Marine","n/e"
"28/08/2026 11:30:00 - 28/08/2026 11:45:00","BZN|IT-South","Marine","n/e"
"28/08/2026 11:45:00 - 28/08/2026 12:00:00","BZN|IT-South","Marine","n/e"
"28/08/2026 12:00:00 - 28/08/2026 12:15:00","BZN|IT-South","Marine","n/e"
"28/08/2026 12:15:00 - 28/08/2026 12:30:00","BZN|IT-South","Marine","n/e"
"28/08/2026 12:30:00 - 28/08/2026 12:45:00","BZN|IT-South","Marine","n/e"
"28/08/2026 12:45:00 - 28/08/2026 13:00:00","BZN|IT-South","Marine","n/e"
"28/08/2026 13:00:00 - 28/08/2026 13:15:00","BZN|IT-South","Marine","n/e"
"28/08/2026 13:15:00 - 28/08/2026 13:30:00","BZN|IT-South","Marine","n/e"
"28/08/2026 13:30:00 - 28/08/2026 13:45:00","BZN|IT-South","Marine","n/e"
"28/08/2026 13:45:00 - 28/08/2026 14:00:00","BZN|IT-South","Marine","n/e"
"28/08/2026 14:00:00 - 28/08/2026 14:15:00","BZN|IT-South","Marine","n/e"
"28/08/2026 14:15:00 - 28/08/2026 14:30:00","BZN|IT-South","Marine","n/e"
"28/08/2026 14:30:00 - 28/08/2026 14:45:00","BZN|IT-South","Marine","n/e"
"28/08/2026 14:45:00 - 28/08/2026 15:00:00","BZN|IT-South","Marine","n/e"
"28/08/2026 15:00:00 - 28/08/2026 15:15:00","BZN|IT-South","Marine","n/e"
"28/08/2026 15:15:00 - 28/08/2026 15:30:00","BZN|IT-South","Marine","n/e"
"28/08/2026 15:30:00 - 28/08/2026 15:45:00","BZN|IT-South","Marine","n/e"
"28/08/2026 15:45:00 - 28/08/2026 16:00:00","BZN|IT-South","Marine","n/e"
"28/08/2026 16:00:00 - 28/08/2026 16:15:00","BZN|IT-South","Marine","n/e"
"28/08/2026 16:15:00 - 28/08/2026 16:30:00","BZN|IT-South","Marine","n/e"
"28/08/2026 16:30:00 - 28/08/2026 16:45:00","BZN|IT-South","Marine","n/e"
"28/08/2026 16:45:00 - 28/08/2026 17:00:00","BZN|IT-South","Marine","n/e"
"28/08/2026 17:00:00 - 28/08/2026 17:15:00","BZN|IT-South","Marine","n/e"
"28/08/2026 17:15:00 - 28/08/2026 17:30:00","BZN|IT-South","Marine","n/e"
"28/08/2026 17:30:00 - 28/08/2026 17:45:00","BZN|IT-South","Marine","n/e"
"28/08/2026 17:45:00 - 28/08/2026 18:00:00","BZN|IT-South","Marine","n/e"
"28/08/2026 18:00:00 - 28/08/2026 18:15:00","BZN|IT-South","Marine","n/e"
"28/08/2026 18:15:00 - 28/08/2026 18:30:00","BZN|IT-South","Marine","n/e"
"28/08/2026 18:30:00 - 28/08/2026 18:45:00","BZN|IT-South","Marine","n/e"
"28/08/2026 18:45:00 - 28/08/2026 19:00:00","BZN|IT-South","Marine","n/e"
"28/08/2026 19:00:00 - 28/08/2026 19:15:00","BZN|IT-South","Marine","n/e"
"28/08/2026 19:15:00 - 28/08/2026 19:30:00","BZN|IT-South","Marine","n/e"
"28/08/2026 19:30:00 - 28/08/2026 19:45:00","BZN|IT-South","Marine","n/e"
"28/08/2026 19:45:00 - 28/08/2026 20:00:00","BZN|IT-South","Marine","n/e"
"28/08/2026 20:00:00 - 28/08/2026 20:15:00","BZN|IT-South","Marine","n/e"
"28/08/2026 20:15:00 - 28/08/2026 20:30:00","BZN|IT-South","Marine","n/e"
"28/08/2026 20:30:00 - 28/08/2026 20:45:00","BZN|IT-South","Marine","n/e"
"28/08/2026 20:45:00 - 28/08/2026 21:00:00","BZN|IT-South","Marine","n/e"
"28/08/2026 21:00:00 - 28/08/2026 21:15:00","BZN|IT-South","Marine","n/e"
"28/08/2026 21:15:00 - 28/08/2026 21:30:00","BZN|IT-South","Marine","n/e"
"28/08/2026 21:30:00 - 28/08/2026 21:45:00","BZN|IT-South","Marine","n/e"
"28/08/2026 21:45:00 - 28/08/2026 22:00:00","BZN|IT-South","Marine","n/e"
"28/08/2026 22:00:00 - 28/08/2026 22:15:00","BZN|IT-South","Marine","n/e"
"28/08/2026 22:15:00 - 28/08/2026 22:30:00","BZN|IT-South","Marine","n/e"
"28/08/2026 22:30:00 - 28/08/2026 22:45:00","BZN|IT-South","Marine","n/e"
"28/08/2026 22:45:00 - 28/08/2026 23:00:00","BZN|IT-South","Marine","n/e"
"28/08/2026 23:00:00 - 28/08/2026 23:15:00","BZN|IT-South","Marine","n/e"
"28/08/2026 23:15:00 - 28/08/2026 23:30:00","BZN|IT-South","Marine","n/e"
"28/08/2026 23:30:00 - 28/08/2026 23:45:00","BZN|IT-South","Marine","n/e"
"28/08/2026 23:45:00 - 29/08/2026 00:00:00","BZN|IT-South","Marine","n/e"
"28/08/2026 00:00:00 - 28/08/2026 00:15:00","BZN|IT-South","Nuclear","n/e"
"28/08/2026 00:15:00 - 28/08/2026 00:30:00","BZN|IT-South","Nuclear","n/e"
"28/08/2026 00:30:00 - 28/08/2026 00:45:00","BZN|IT-South","Nuclear","n/e"
"28/08/2026 00:45:00 - 28/08/2026 01:00:00","BZN|IT-South","Nuclear","n/e"
"28/08/2026 01:00:00 - 28/08/2026 01:15:00","BZN|IT-South","Nuclear","n/e"
"28/08/2026 01:15:00 - 28/08/2026 01:30:00","BZN|IT-South","Nuclear","n/e"
"28/08/2026 01:30:00 - 28/08/2026 01:45:00","BZN|IT-South","Nuclear","n/e"
"28/08/2026 01:45:00 - 28/08/2026 02:00:00","BZN|IT-South","Nuclear","n/e"
"28/08/2026 02:00:00 - 28/08/2026 02:15:00","BZN|IT-South","Nuclear","n/e"
"28/08/2026 02:15:00 - 28/08/2026 02:30:00","BZN|IT-South","Nuclear","n/e"
"28/08/2026 02:30:00 - 28/08/2026 02:45:00","BZN|IT-South","Nuclear","n/e"
"28/08/2026 02:45:00 - 28/08/2026 03:00:00","BZN|IT-South","Nuclear","n/e"
"28/08/2026 03:00:00 - 28/08/2026 03:15:00","BZN|IT-South","Nuclear","n/e"
"28/08/2026 03:15:00 - 28/08/2026 03:30:00","BZN|IT-South","Nuclear","n/e"
"28/08/2026 03:30:00 - 28/08/2026 03:45:00","BZN|IT-South","Nuclear","n/e"
"28/08/2026 03:45:00 - 28/08/2026 04:00:00","BZN|IT-South","Nuclear","n/e"
"28/08/2026 04:00:00 - 28/08/2026 04:15:00","BZN|IT-South","Nuclear","n/e"
"28/08/2026 04:15:00 - 28/08/2026 04:30:00","BZN|IT-South","Nuclear","n/e"
"28/08/2026 04:30:00 - 28/08/2026 04:45:00","BZN|IT-South","Nuclear","n/e"
"28/08/2026 04:45:00 - 28/08/2026 05:00:00","BZN|IT-South","Nuclear","n/e"
"28/08/2026 05:00:00 - 28/08/2026 05:15:00","BZN|IT-South","Nuclear","n/e"
"28/08/2026 05:15:00 - 28/08/2026 05:30:00","BZN|IT-South","Nuclear","n/e"
"28/08/2026 05:30:00 - 28/08/2026 05:45:00","BZN|IT-South","Nuclear","n/e"
"28/08/2026 05:45:00 - 28/08/2026 06:00:00","BZN|IT-South","Nuclear","n/e"
"28/08/2026 06:00:00 - 28/08/2026 06:15:00","BZN|IT-South","Nuclear","n/e"
"28/08/2026 06:15:00 - 28/08/2026 06:30:00","BZN|IT-South","Nuclear","n/e"
"28/08/2026 06:30:00 - 28/08/2026 06:45:00","BZN|IT-South","Nuclear","n/e"
"28/08/2026 06:45:00 - 28/08/2026 07:00:00","BZN|IT-South","Nuclear","n/e"
"28/08/2026 07:00:00 - 28/08/2026 07:15:00","BZN|IT-South","Nuclear","n/e"
"28/08/2026 07:15:00 - 28/08/2026 07:30:00","BZN|IT-South","Nuclear","n/e"
"28/08/2026 07:30:00 - 28/08/2026 07:45:00","BZN|IT-South","Nuclear","n/e"
"28/08/2026 07:45:00 - 28/08/2026 08:00:00","BZN|IT-South","Nuclear","n/e"
"28/08/2026 08:00:00 - 28/08/2026 08:15:00","BZN|IT-South","Nuclear","n/e"
"28/08/2026 08:15:00 - 28/08/2026 08:30:00","BZN|IT-South","Nuclear","n/e"
"28/08/2026 08:30:00 - 28/08/2026 08:45:00","BZN|IT-South","Nuclear","n/e"
"28/08/2026 08:45:00 - 28/08/2026 09:00:00","BZN|IT-South","Nuclear","n/e"
"28/08/2026 09:00:00 - 28/08/2026 09:15:00","BZN|IT-South","Nuclear","n/e"
"28/08/2026 09:15:00 - 28/08/2026 09:30:00","BZN|IT-South","Nuclear","n/e"
"28/08/2026 09:30:00 - 28/08/2026 09:45:00","BZN|IT-South","Nuclear","n/e"
"28/08/2026 09:45:00 - 28/08/2026 10:00:00","BZN|IT-South","Nuclear","n/e"
"28/08/2026 10:00:00 - 28/08/2026 10:15:00","BZN|IT-South","Nuclear","n/e"
"28/08/2026 10:15:00 - 28/08/2026 10:30:00","BZN|IT-South","Nuclear","n/e"
"28/08/2026 10:30:00 - 28/08/2026 10:45:00","BZN|IT-South","Nuclear","n/e"
"28/08/2026 10:45:00 - 28/08/2026 11:00:00","BZN|IT-South","Nuclear","n/e"
"28/08/2026 11:00:00 - 28/08/2026 11:15:00","BZN|IT-South","Nuclear","n/e"
"28/08/2026 11:15:00 - 28/08/2026 11:30:00","BZN|IT-South","Nuclear","n/e"
"28/08/2026 11:30:00 - 28/08/2026 11:45:00","BZN|IT-South","Nuclear","n/e"
"28/08/2026 11:45:00 - 28/08/2026 12:00:00","BZN|IT-South","Nuclear","n/e"
"28/08/2026 12:00:00 - 28/08/2026 12:15:00","BZN|IT-South","Nuclear","n/e"
"28/08/2026 12:15:00 - 28/08/2026 12:30:00","BZN|IT-South","Nuclear","n/e"
"28/08/2026 12:30:00 - 28/08/2026 12:45:00","BZN|IT-South","Nuclear","n/e"
"28/08/2026 12:45:00 - 28/08/2026 13:00:00","BZN|IT-South","Nuclear","n/e"
"28/08/2026 13:00:00 - 28/08/2026 13:15:00","BZN|IT-South","Nuclear","n/e"
"28/08/2026 13:15:00 - 28/08/2026 13:30:00","BZN|IT-South","Nuclear","n/e"
"28/08/2026 13:30:00 - 28/08/2026 13:45:00","BZN|IT-South","Nuclear","n/e"
"28/08/2026 13:45:00 - 28/08/2026 14:00:00","BZN|IT-South","Nuclear","n/e"
"28/08/2026 14:00:00 - 28/08/2026 14:15:00","BZN|IT-South","Nuclear","n/e"
"28/08/2026 14:15:00 - 28/08/2026 14:30:00","BZN|IT-South","Nuclear","n/e"
"28/08/2026 14:30:00 - 28/08/2026 14:45:00","BZN|IT-South","Nuclear","n/e"
"28/08/2026 14:45:00 - 28/08/2026 15:00:00","BZN|IT-South","Nuclear","n/e"
"28/08/2026 15:00:00 - 28/08/2026 15:15:00","BZN|IT-South","Nuclear","n/e"
"28/08/2026 15:15:00 - 28/08/2026 15:30:00","BZN|IT-South","Nuclear","n/e"
"28/08/2026 15:30:00 - 28/08/2026 15:45:00","BZN|IT-South","Nuclear","n/e"
"28/08/2026 15:45:00 - 28/08/2026 16:00:00","BZN|IT-South","Nuclear","n/e"
"28/08/2026 16:00:00 - 28/08/2026 16:15:00","BZN|IT-South","Nuclear","n/e"
"28/08/2026 16:15:00 - 28/08/2026 16:30:00","BZN|IT-South","Nuclear","n/e"
"28/08/2026 16:30:00 - 28/08/2026 16:45:00","BZN|IT-South","Nuclear","n/e"
"28/08/2026 16:45:00 - 28/08/2026 17:00:00","BZN|IT-South","Nuclear","n/e"
"28/08/2026 17:00:00 - 28/08/2026 17:15:00","BZN|IT-South","Nuclear","n/e"
"28/08/2026 17:15:00 - 28/08/2026 17:30:00","BZN|IT-South","Nuclear","n/e"
"28/08/2026 17:30:00 - 28/08/2026 17:45:00","BZN|IT-South","Nuclear","n/e"
"28/08/2026 17:45:00 - 28/08/2026 18:00:00","BZN|IT-South","Nuclear","n/e"
"28/08/2026 18:00:00 - 28/08/2026 18:15:00","BZN|IT-South","Nuclear","n/e"
"28/08/2026 18:15:00 - 28/08/2026 18:30:00","BZN|IT-South","Nuclear","n/e"
"28/08/2026 18:30:00 - 28/08/2026 18:45:00","BZN|IT-South","Nuclear","n/e"
"28/08/2026 18:45:00 - 28/08/2026 19:00:00","BZN|IT-South","Nuclear","n/e"
"28/08/2026 19:00:00 - 28/08/2026 19:15:00","BZN|IT-South","Nuclear","n/e"
"28/08/2026 19:15:00 - 28/08/2026 19:30:00","BZN|IT-South","Nuclear","n/e"
"28/08/2026 19:30:00 - 28/08/2026 19:45:00","BZN|IT-South","Nuclear","n/e"
"28/08/2026 19:45:00 - 28/08/2026 20:00:00","BZN|IT-South","Nuclear","n/e"
"28/08/2026 20:00:00 - 28/08/2026 20:15:00","BZN|IT-South","Nuclear","n/e"
"28/08/2026 20:15:00 - 28/08/2026 20:30:00","BZN|IT-South","Nuclear","n/e"
"28/08/2026 20:30:00 - 28/08/2026 20:45:00","BZN|IT-South","Nuclear","n/e"
"28/08/2026 20:45:00 - 28/08/2026 21:00:00","BZN|IT-South","Nuclear","n/e"
"28/08/2026 21:00:00 - 28/08/2026 21:15:00","BZN|IT-South","Nuclear","n/e"
"28/08/2026 21:15:00 - 28/08/2026 21:30:00","BZN|IT-South","Nuclear","n/e"
"28/08/2026 21:30:00 - 28/08/2026 21:45:00","BZN|IT-South","Nuclear","n/e"
"28/08/2026 21:45:00 - 28/08/2026 22:00:00","BZN|IT-South","Nuclear","n/e"
"28/08/2026 22:00:00 - 28/08/2026 22:15:00","BZN|IT-South","Nuclear","n/e"
"28/08/2026 22:15:00 - 28/08/2026 22:30:00","BZN|IT-South","Nuclear","n/e"
"28/08/2026 22:30:00 - 28/08/2026 22:45:00","BZN|IT-South","Nuclear","n/e"
"28/08/2026 22:45:00 - 28/08/2026 23:00:00","BZN|IT-South","Nuclear","n/e"
"28/08/2026 23:00:00 - 28/08/2026 23:15:00","BZN|IT-South","Nuclear","n/e"
"28/08/2026 23:15:00 - 28/08/2026 23:30:00","BZN|IT-South","Nuclear","n/e"
"28/08/2026 23:30:00 - 28/08/2026 23:45:00","BZN|IT-South","Nuclear","n/e"
"28/08/2026 23:45:00 - 29/08/2026 00:00:00","BZN|IT-South","Nuclear","n/e"
"28/08/2026 00:00:00 - 28/08/2026 00:15:00","BZN|IT-South","Other","65.00"
"28/08/2026 00:15:00 - 28/08/2026 00:30:00","BZN|IT-South","Other","63.00"
"28/08/2026 00:30:00 - 28/08/2026 00:45:00","BZN|IT-South","Other","65.00"
"28/08/2026 00:45:00 - 28/08/2026 01:00:00","BZN|IT-South","Other","63.00"
"28/08/2026 01:00:00 - 28/08/2026 01:15:00","BZN|IT-South","Other","62.00"
"28/08/2026 01:15:00 - 28/08/2026 01:30:00","BZN|IT-South","Other","62.00"
"28/08/2026 01:30:00 - 28/08/2026 01:45:00","BZN|IT-South","Other","62.00"
"28/08/2026 01:45:00 - 28/08/2026 02:00:00","BZN|IT-South","Other","61.00"
"28/08/2026 02:00:00 - 28/08/2026 02:15:00","BZN|IT-South","Other","61.00"
"28/08/2026 02:15:00 - 28/08/2026 02:30:00","BZN|IT-South","Other","60.00"
"28/08/2026 02:30:00 - 28/08/2026 02:45:00","BZN|IT-South","Other","61.00"
"28/08/2026 02:45:00 - 28/08/2026 03:00:00","BZN|IT-South","Other","60.00"
"28/08/2026 03:00:00 - 28/08/2026 03:15:00","BZN|IT-South","Other","60.00"
"28/08/2026 03:15:00 - 28/08/2026 03:30:00","BZN|IT-South","Other","60.00"
"28/08/2026 03:30:00 - 28/08/2026 03:45:00","BZN|IT-South","Other","61.00"
"28/08/2026 03:45:00 - 28/08/2026 04:00:00","BZN|IT-South","Other","60.00"
"28/08/2026 04:00:00 - 28/08/2026 04:15:00","BZN|IT-South","Other","59.00"
"28/08/2026 04:15:00 - 28/08/2026 04:30:00","BZN|IT-South","Other","57.00"
"28/08/2026 04:30:00 - 28/08/2026 04:45:00","BZN|IT-South","Other","57.00"
"28/08/2026 04:45:00 - 28/08/2026 05:00:00","BZN|IT-South","Other","60.00"
"28/08/2026 05:00:00 - 28/08/2026 05:15:00","BZN|IT-South","Other","59.00"
"28/08/2026 05:15:00 - 28/08/2026 05:30:00","BZN|IT-South","Other","59.00"
"28/08/2026 05:30:00 - 28/08/2026 05:45:00","BZN|IT-South","Other","59.00"
"28/08/2026 05:45:00 - 28/08/2026 06:00:00","BZN|IT-South","Other","59.00"
"28/08/2026 06:00:00 - 28/08/2026 06:15:00","BZN|IT-South","Other","60.00"
"28/08/2026 06:15:00 - 28/08/2026 06:30:00","BZN|IT-South","Other","57.00"
"28/08/2026 06:30:00 - 28/08/2026 06:45:00","BZN|IT-South","Other","55.00"
"28/08/2026 06:45:00 - 28/08/2026 07:00:00","BZN|IT-South","Other","58.00"
"28/08/2026 07:00:00 - 28/08/2026 07:15:00","BZN|IT-South","Other","59.00"
"28/08/2026 07:15:00 - 28/08/2026 07:30:00","BZN|IT-South","Other","60.00"
"28/08/2026 07:30:00 - 28/08/2026 07:45:00","BZN|IT-South","Other","62.00"
"28/08/2026 07:45:00 - 28/08/2026 08:00:00","BZN|IT-South","Other","60.00"
"28/08/2026 08:00:00 - 28/08/2026 08:15:00","BZN|IT-South","Other","62.00"
"28/08/2026 08:15:00 - 28/08/2026 08:30:00","BZN|IT-South","Other","64.00"
"28/08/2026 08:30:00 - 28/08/2026 08:45:00","BZN|IT-South","Other","63.00"
"28/08/2026 08:45:00 - 28/08/2026 09:00:00","BZN|IT-South","Other","62.00"
"28/08/2026 09:00:00 - 28/08/2026 09:15:00","BZN|IT-South","Other","62.00"
"28/08/2026 09:15:00 - 28/08/2026 09:30:00","BZN|IT-South","Other","62.00"
"28/08/2026 09:30:00 - 28/08/2026 09:45:00","BZN|IT-South","Other","64.00"
"28/08/2026 09:45:00 - 28/08/2026 10:00:00","BZN|IT-South","Other","64.00"
"28/08/2026 10:00:00 - 28/08/2026 10:15:00","BZN|IT-South","Other","64.00"
"28/08/2026 10:15:00 - 28/08/2026 10:30:00","BZN|IT-South","Other","63.00"
"28/08/2026 10:30:00 - 28/08/2026 10:45:00","BZN|IT-South","Other","63.00"
"28/08/2026 10:45:00 - 28/08/2026 11:00:00","BZN|IT-South","Other","65.00"
"28/08/2026 11:00:00 - 28/08/2026 11:15:00","BZN|IT-South","Other","63.00"
"28/08/2026 11:15:00 - 28/08/2026 11:30:00","BZN|IT-South","Other","64.00"
"28/08/2026 11:30:00 - 28/08/2026 11:45:00","BZN|IT-South","Other","63.00"
"28/08/2026 11:45:00 - 28/08/2026 12:00:00","BZN|IT-South","Other","31.00"
"28/08/2026 12:00:00 - 28/08/2026 12:15:00","BZN|IT-South","Other","-"
"28/08/2026 12:15:00 - 28/08/2026 12:30:00","BZN|IT-South","Other","-"
"28/08/2026 12:30:00 - 28/08/2026 12:45:00","BZN|IT-South","Other","-"
"28/08/2026 12:45:00 - 28/08/2026 13:00:00","BZN|IT-South","Other","-"
"28/08/2026 13:00:00 - 28/08/2026 13:15:00","BZN|IT-South","Other","-"
"28/08/2026 13:15:00 - 28/08/2026 13:30:00","BZN|IT-South","Other","-"
"28/08/2026 13:30:00 - 28/08/2026 13:45:00","BZN|IT-South","Other","-"
"28/08/2026 13:45:00 - 28/08/2026 14:00:00","BZN|IT-South","Other","-"
"28/08/2026 14:00:00 - 28/08/2026 14:15:00","BZN|IT-South","Other","-"
"28/08/2026 14:15:00 - 28/08/2026 14:30:00","BZN|IT-South","Other","-"
"28/08/2026 14:30:00 - 28/08/2026 14:45:00","BZN|IT-South","Other","-"
"28/08/2026 14:45:00 - 28/08/2026 15:00:00","BZN|IT-South","Other","-"
"28/08/2026 15:00:00 - 28/08/2026 15:15:00","BZN|IT-South","Other","-"
"28/08/2026 15:15:00 - 28/08/2026 15:30:00","BZN|IT-South","Other","-"
"28/08/2026 15:30:00 - 28/08/2026 15:45:00","BZN|IT-South","Other","-"
"28/08/2026 15:45:00 - 28/08/2026 16:00:00","BZN|IT-South","Other","-"
"28/08/2026 16:00:00 - 28/08/2026 16:15:00","BZN|IT-South","Other","-"
"28/08/2026 16:15:00 - 28/08/2026 16:30:00","BZN|IT-South","Other","-"
"28/08/2026 16:30:00 - 28/08/2026 16:45:00","BZN|IT-South","Other","-"
"28/08/2026 16:45:00 - 28/08/2026 17:00:00","BZN|IT-South","Other","-"
"28/08/2026 17:00:00 - 28/08/2026 17:15:00","BZN|IT-South","Other","-"
"28/08/2026 17:15:00 - 28/08/2026 17:30:00","BZN|IT-South","Other","-"
"28/08/2026 17:30:00 - 28/08/2026 17:45:00","BZN|IT-South","Other","-"
"28/08/2026 17:45:00 - 28/08/2026 18:00:00","BZN|IT-South","Other","-"
"28/08/2026 18:00:00 - 28/08/2026 18:15:00","BZN|IT-South","Other","-"
"28/08/2026 18:15:00 - 28/08/2026 18:30:00","BZN|IT-South","Other","-"
"28/08/2026 18:30:00 - 28/08/2026 18:45:00","BZN|IT-South","Other","-"
"28/08/2026 18:45:00 - 28/08/2026 19:00:00","BZN|IT-South","Other","-"
"28/08/2026 19:00:00 - 28/08/2026 19:15:00","BZN|IT-South","Other","-"
"28/08/2026 19:15:00 - 28/08/2026 19:30:00","BZN|IT-South","Other","-"
"28/08/2026 19:30:00 - 28/08/2026 19:45:00","BZN|IT-South","Other","-"
"28/08/2026 19:45:00 - 28/08/2026 20:00:00","BZN|IT-South","Other","-"
"28/08/2026 20:00:00 - 28/08/2026 20:15:00","BZN|IT-South","Other","-"
"28/08/2026 20:15:00 - 28/08/2026 20:30:00","BZN|IT-South","Other","-"
"28/08/2026 20:30:00 - 28/08/2026 20:45:00","BZN|IT-South","Other","-"
"28/08/2026 20:45:00 - 28/08/2026 21:00:00","BZN|IT-South","Other","-"
"28/08/2026 21:00:00 - 28/08/2026 21:15:00","BZN|IT-South","Other","-"
"28/08/2026 21:15:00 - 28/08/2026 21:30:00","BZN|IT-South","Other","-"
"28/08/2026 21:30:00 - 28/08/2026 21:45:00","BZN|IT-South","Other","-"
"28/08/2026 21:45:00 - 28/08/2026 22:00:00","BZN|IT-South","Other","-"
"28/08/2026 22:00:00 - 28/08/2026 22:15:00","BZN|IT-South","Other","-"
"28/08/2026 22:15:00 - 28/08/2026 22:30:00","BZN|IT-South","Other","-"
"28/08/2026 22:30:00 - 28/08/2026 22:45:00","BZN|IT-South","Other","-"
"28/08/2026 22:45:00 - 28/08/2026 23:00:00","BZN|IT-South","Other","-"
"28/08/2026 23:00:00 - 28/08/2026 23:15:00","BZN|IT-South","Other","-"
"28/08/2026 23:15:00 - 28/08/2026 23:30:00","BZN|IT-South","Other","-"
"28/08/2026 23:30:00 - 28/08/2026 23:45:00","BZN|IT-South","Other","-"
"28/08/2026 23:45:00 - 29/08/2026 00:00:00","BZN|IT-South","Other","-"
"28/08/2026 00:00:00 - 28/08/2026 00:15:00","BZN|IT-South","Other renewable","n/e"
"28/08/2026 00:15:00 - 28/08/2026 00:30:00","BZN|IT-South","Other renewable","n/e"
"28/08/2026 00:30:00 - 28/08/2026 00:45:00","BZN|IT-South","Other renewable","n/e"
"28/08/2026 00:45:00 - 28/08/2026 01:00:00","BZN|IT-South","Other renewable","n/e"
"28/08/2026 01:00:00 - 28/08/2026 01:15:00","BZN|IT-South","Other renewable","n/e"
"28/08/2026 01:15:00 - 28/08/2026 01:30:00","BZN|IT-South","Other renewable","n/e"
"28/08/2026 01:30:00 - 28/08/2026 01:45:00","BZN|IT-South","Other renewable","n/e"
"28/08/2026 01:45:00 - 28/08/2026 02:00:00","BZN|IT-South","Other renewable","n/e"
"28/08/2026 02:00:00 - 28/08/2026 02:15:00","BZN|IT-South","Other renewable","n/e"
"28/08/2026 02:15:00 - 28/08/2026 02:30:00","BZN|IT-South","Other renewable","n/e"
"28/08/2026 02:30:00 - 28/08/2026 02:45:00","BZN|IT-South","Other renewable","n/e"
"28/08/2026 02:45:00 - 28/08/2026 03:00:00","BZN|IT-South","Other renewable","n/e"
"28/08/2026 03:00:00 - 28/08/2026 03:15:00","BZN|IT-South","Other renewable","n/e"
"28/08/2026 03:15:00 - 28/08/2026 03:30:00","BZN|IT-South","Other renewable","n/e"
"28/08/2026 03:30:00 - 28/08/2026 03:45:00","BZN|IT-South","Other renewable","n/e"
"28/08/2026 03:45:00 - 28/08/2026 04:00:00","BZN|IT-South","Other renewable","n/e"
"28/08/2026 04:00:00 - 28/08/2026 04:15:00","BZN|IT-South","Other renewable","n/e"
"28/08/2026 04:15:00 - 28/08/2026 04:30:00","BZN|IT-South","Other renewable","n/e"
"28/08/2026 04:30:00 - 28/08/2026 04:45:00","BZN|IT-South","Other renewable","n/e"
"28/08/2026 04:45:00 - 28/08/2026 05:00:00","BZN|IT-South","Other renewable","n/e"
"28/08/2026 05:00:00 - 28/08/2026 05:15:00","BZN|IT-South","Other renewable","n/e"
"28/08/2026 05:15:00 - 28/08/2026 05:30:00","BZN|IT-South","Other renewable","n/e"
"28/08/2026 05:30:00 - 28/08/2026 05:45:00","BZN|IT-South","Other renewable","n/e"
"28/08/2026 05:45:00 - 28/08/2026 06:00:00","BZN|IT-South","Other renewable","n/e"
"28/08/2026 06:00:00 - 28/08/2026 06:15:00","BZN|IT-South","Other renewable","n/e"
"28/08/2026 06:15:00 - 28/08/2026 06:30:00","BZN|IT-South","Other renewable","n/e"
"28/08/2026 06:30:00 - 28/08/2026 06:45:00","BZN|IT-South","Other renewable","n/e"
"28/08/2026 06:45:00 - 28/08/2026 07:00:00","BZN|IT-South","Other renewable","n/e"
"28/08/2026 07:00:00 - 28/08/2026 07:15:00","BZN|IT-South","Other renewable","n/e"
"28/08/2026 07:15:00 - 28/08/2026 07:30:00","BZN|IT-South","Other renewable","n/e"
"28/08/2026 07:30:00 - 28/08/2026 07:45:00","BZN|IT-South","Other renewable","n/e"
"28/08/2026 07:45:00 - 28/08/2026 08:00:00","BZN|IT-South","Other renewable","n/e"
"28/08/2026 08:00:00 - 28/08/2026 08:15:00","BZN|IT-South","Other renewable","n/e"
"28/08/2026 08:15:00 - 28/08/2026 08:30:00","BZN|IT-South","Other renewable","n/e"
"28/08/2026 08:30:00 - 28/08/2026 08:45:00","BZN|IT-South","Other renewable","n/e"
"28/08/2026 08:45:00 - 28/08/2026 09:00:00","BZN|IT-South","Other renewable","n/e"
"28/08/2026 09:00:00 - 28/08/2026 09:15:00","BZN|IT-South","Other renewable","n/e"
"28/08/2026 09:15:00 - 28/08/2026 09:30:00","BZN|IT-South","Other renewable","n/e"
"28/08/2026 09:30:00 - 28/08/2026 09:45:00","BZN|IT-South","Other renewable","n/e"
"28/08/2026 09:45:00 - 28/08/2026 10:00:00","BZN|IT-South","Other renewable","n/e"
"28/08/2026 10:00:00 - 28/08/2026 10:15:00","BZN|IT-South","Other renewable","n/e"
"28/08/2026 10:15:00 - 28/08/2026 10:30:00","BZN|IT-South","Other renewable","n/e"
"28/08/2026 10:30:00 - 28/08/2026 10:45:00","BZN|IT-South","Other renewable","n/e"
"28/08/2026 10:45:00 - 28/08/2026 11:00:00","BZN|IT-South","Other renewable","n/e"
"28/08/2026 11:00:00 - 28/08/2026 11:15:00","BZN|IT-South","Other renewable","n/e"
"28/08/2026 11:15:00 - 28/08/2026 11:30:00","BZN|IT-South","Other renewable","n/e"
"28/08/2026 11:30:00 - 28/08/2026 11:45:00","BZN|IT-South","Other renewable","n/e"
"28/08/2026 11:45:00 - 28/08/2026 12:00:00","BZN|IT-South","Other renewable","n/e"
"28/08/2026 12:00:00 - 28/08/2026 12:15:00","BZN|IT-South","Other renewable","n/e"
"28/08/2026 12:15:00 - 28/08/2026 12:30:00","BZN|IT-South","Other renewable","n/e"
"28/08/2026 12:30:00 - 28/08/2026 12:45:00","BZN|IT-South","Other renewable","n/e"
"28/08/2026 12:45:00 - 28/08/2026 13:00:00","BZN|IT-South","Other renewable","n/e"
"28/08/2026 13:00:00 - 28/08/2026 13:15:00","BZN|IT-South","Other renewable","n/e"
"28/08/2026 13:15:00 - 28/08/2026 13:30:00","BZN|IT-South","Other renewable","n/e"
"28/08/2026 13:30:00 - 28/08/2026 13:45:00","BZN|IT-South","Other renewable","n/e"
"28/08/2026 13:45:00 - 28/08/2026 14:00:00","BZN|IT-South","Other renewable","n/e"
"28/08/2026 14:00:00 - 28/08/2026 14:15:00","BZN|IT-South","Other renewable","n/e"
"28/08/2026 14:15:00 - 28/08/2026 14:30:00","BZN|IT-South","Other renewable","n/e"
"28/08/2026 14:30:00 - 28/08/2026 14:45:00","BZN|IT-South","Other renewable","n/e"
"28/08/2026 14:45:00 - 28/08/2026 15:00:00","BZN|IT-South","Other renewable","n/e"
"28/08/2026 15:00:00 - 28/08/2026 15:15:00","BZN|IT-South","Other renewable","n/e"
"28/08/2026 15:15:00 - 28/08/2026 15:30:00","BZN|IT-South","Other renewable","n/e"
"28/08/2026 15:30:00 - 28/08/2026 15:45:00","BZN|IT-South","Other renewable","n/e"
"28/08/2026 15:45:00 - 28/08/2026 16:00:00","BZN|IT-South","Other renewable","n/e"
"28/08/2026 16:00:00 - 28/08/2026 16:15:00","BZN|IT-South","Other renewable","n/e"
"28/08/2026 16:15:00 - 28/08/2026 16:30:00","BZN|IT-South","Other renewable","n/e"
"28/08/2026 16:30:00 - 28/08/2026 16:45:00","BZN|IT-South","Other renewable","n/e"
"28/08/2026 16:45:00 - 28/08/2026 17:00:00","BZN|IT-South","Other renewable","n/e"
"28/08/2026 17:00:00 - 28/08/2026 17:15:00","BZN|IT-South","Other renewable","n/e"
"28/08/2026 17:15:00 - 28/08/2026 17:30:00","BZN|IT-South","Other renewable","n/e"
"28/08/2026 17:30:00 - 28/08/2026 17:45:00","BZN|IT-South","Other renewable","n/e"
"28/08/2026 17:45:00 - 28/08/2026 18:00:00","BZN|IT-South","Other renewable","n/e"
"28/08/2026 18:00:00 - 28/08/2026 18:15:00","BZN|IT-South","Other renewable","n/e"
"28/08/2026 18:15:00 - 28/08/2026 18:30:00","BZN|IT-South","Other renewable","n/e"
"28/08/2026 18:30:00 - 28/08/2026 18:45:00","BZN|IT-South","Other renewable","n/e"
"28/08/2026 18:45:00 - 28/08/2026 19:00:00","BZN|IT-South","Other renewable","n/e"
"28/08/2026 19:00:00 - 28/08/2026 19:15:00","BZN|IT-South","Other renewable","n/e"
"28/08/2026 19:15:00 - 28/08/2026 19:30:00","BZN|IT-South","Other renewable","n/e"
"28/08/2026 19:30:00 - 28/08/2026 19:45:00","BZN|IT-South","Other renewable","n/e"
"28/08/2026 19:45:00 - 28/08/2026 20:00:00","BZN|IT-South","Other renewable","n/e"
"28/08/2026 20:00:00 - 28/08/2026 20:15:00","BZN|IT-South","Other renewable","n/e"
"28/08/2026 20:15:00 - 28/08/2026 20:30:00","BZN|IT-South","Other renewable","n/e"
"28/08/2026 20:30:00 - 28/08/2026 20:45:00","BZN|IT-South","Other renewable","n/e"
"28/08/2026 20:45:00 - 28/08/2026 21:00:00","BZN|IT-South","Other renewable","n/e"
"28/08/2026 21:00:00 - 28/08/2026 21:15:00","BZN|IT-South","Other renewable","n/e"
"28/08/2026 21:15:00 - 28/08/2026 21:30:00","BZN|IT-South","Other renewable","n/e"
"28/08/2026 21:30:00 - 28/08/2026 21:45:00","BZN|IT-South","Other renewable","n/e"
"28/08/2026 21:45:00 - 28/08/2026 22:00:00","BZN|IT-South","Other renewable","n/e"
"28/08/2026 22:00:00 - 28/08/2026 22:15:00","BZN|IT-South","Other renewable","n/e"
"28/08/2026 22:15:00 - 28/08/2026 22:30:00","BZN|IT-South","Other renewable","n/e"
"28/08/2026 22:30:00 - 28/08/2026 22:45:00","BZN|IT-South","Other renewable","n/e"
"28/08/2026 22:45:00 - 28/08/2026 23:00:00","BZN|IT-South","Other renewable","n/e"
"28/08/2026 23:00:00 - 28/08/2026 23:15:00","BZN|IT-South","Other renewable","n/e"
"28/08/2026 23:15:00 - 28/08/2026 23:30:00","BZN|IT-South","Other renewable","n/e"
"28/08/2026 23:30:00 - 28/08/2026 23:45:00","BZN|IT-South","Other renewable","n/e"
"28/08/2026 23:45:00 - 29/08/2026 00:00:00","BZN|IT-South","Other renewable","n/e"
"28/08/2026 00:00:00 - 28/08/2026 00:15:00","BZN|IT-South","Solar","0.00"
"28/08/2026 00:15:00 - 28/08/2026 00:30:00","BZN|IT-South","Solar","0.00"
"28/08/2026 00:30:00 - 28/08/2026 00:45:00","BZN|IT-South","Solar","0.00"
"28/08/2026 00:45:00 - 28/08/2026 01:00:00","BZN|IT-South","Solar","0.00"
"28/08/2026 01:00:00 - 28/08/2026 01:15:00","BZN|IT-South","Solar","0.00"
"28/08/2026 01:15:00 - 28/08/2026 01:30:00","BZN|IT-South","Solar","0.00"
"28/08/2026 01:30:00 - 28/08/2026 01:45:00","BZN|IT-South","Solar","0.00"
"28/08/2026 01:45:00 - 28/08/2026 02:00:00","BZN|IT-South","Solar","0.00"
"28/08/2026 02:00:00 - 28/08/2026 02:15:00","BZN|IT-South","Solar","0.00"
"28/08/2026 02:15:00 - 28/08/2026 02:30:00","BZN|IT-South","Solar","0.00"
"28/08/2026 02:30:00 - 28/08/2026 02:45:00","BZN|IT-South","Solar","0.00"
"28/08/2026 02:45:00 - 28/08/2026 03:00:00","BZN|IT-South","Solar","0.00"
"28/08/2026 03:00:00 - 28/08/2026 03:15:00","BZN|IT-South","Solar","0.00"
"28/08/2026 03:15:00 - 28/08/2026 03:30:00","BZN|IT-South","Solar","0.00"
"28/08/2026 03:30:00 - 28/08/2026 03:45:00","BZN|IT-South","Solar","0.00"
"28/08/2026 03:45:00 - 28/08/2026 04:00:00","BZN|IT-South","Solar","0.00"
"28/08/2026 04:00:00 - 28/08/2026 04:15:00","BZN|IT-South","Solar","0.00"
"28/08/2026 04:15:00 - 28/08/2026 04:30:00","BZN|IT-South","Solar","0.00"
"28/08/2026 04:30:00 - 28/08/2026 04:45:00","BZN|IT-South","Solar","0.00"
"28/08/2026 04:45:00 - 28/08/2026 05:00:00","BZN|IT-South","Solar","0.00"
"28/08/2026 05:00:00 - 28/08/2026 05:15:00","BZN|IT-South","Solar","0.00"
"28/08/2026 05:15:00 - 28/08/2026 05:30:00","BZN|IT-South","Solar","0.00"
"28/08/2026 05:30:00 - 28/08/2026 05:45:00","BZN|IT-South","Solar","72.00"
"28/08/2026 05:45:00 - 28/08/2026 06:00:00","BZN|IT-South","Solar","71.00"
"28/08/2026 06:00:00 - 28/08/2026 06:15:00","BZN|IT-South","Solar","86.00"
"28/08/2026 06:15:00 - 28/08/2026 06:30:00","BZN|IT-South","Solar","159.00"
"28/08/2026 06:30:00 - 28/08/2026 06:45:00","BZN|IT-South","Solar","177.00"
"28/08/2026 06:45:00 - 28/08/2026 07:00:00","BZN|IT-South","Solar","234.00"
"28/08/2026 07:00:00 - 28/08/2026 07:15:00","BZN|IT-South","Solar","319.00"
"28/08/2026 07:15:00 - 28/08/2026 07:30:00","BZN|IT-South","Solar","425.00"
"28/08/2026 07:30:00 - 28/08/2026 07:45:00","BZN|IT-South","Solar","538.00"
"28/08/2026 07:45:00 - 28/08/2026 08:00:00","BZN|IT-South","Solar","663.00"
"28/08/2026 08:00:00 - 28/08/2026 08:15:00","BZN|IT-South","Solar","867.00"
"28/08/2026 08:15:00 - 28/08/2026 08:30:00","BZN|IT-South","Solar","1033.00"
"28/08/2026 08:30:00 - 28/08/2026 08:45:00","BZN|IT-South","Solar","1095.00"
"28/08/2026 08:45:00 - 28/08/2026 09:00:00","BZN|IT-South","Solar","1253.00"
"28/08/2026 09:00:00 - 28/08/2026 09:15:00","BZN|IT-South","Solar","1399.00"
"28/08/2026 09:15:00 - 28/08/2026 09:30:00","BZN|IT-South","Solar","1531.00"
"28/08/2026 09:30:00 - 28/08/2026 09:45:00","BZN|IT-South","Solar","1658.00"
"28/08/2026 09:45:00 - 28/08/2026 10:00:00","BZN|IT-South","Solar","1806.00"
"28/08/2026 10:00:00 - 28/08/2026 10:15:00","BZN|IT-South","Solar","1952.00"
"28/08/2026 10:15:00 - 28/08/2026 10:30:00","BZN|IT-South","Solar","2068.00"
"28/08/2026 10:30:00 - 28/08/2026 10:45:00","BZN|IT-South","Solar","2138.00"
"28/08/2026 10:45:00 - 28/08/2026 11:00:00","BZN|IT-South","Solar","2310.00"
"28/08/2026 11:00:00 - 28/08/2026 11:15:00","BZN|IT-South","Solar","2358.00"
"28/08/2026 11:15:00 - 28/08/2026 11:30:00","BZN|IT-South","Solar","2044.00"
"28/08/2026 11:30:00 - 28/08/2026 11:45:00","BZN|IT-South","Solar","2097.00"
"28/08/2026 11:45:00 - 28/08/2026 12:00:00","BZN|IT-South","Solar","394.00"
"28/08/2026 12:00:00 - 28/08/2026 12:15:00","BZN|IT-South","Solar","-"
"28/08/2026 12:15:00 - 28/08/2026 12:30:00","BZN|IT-South","Solar","-"
"28/08/2026 12:30:00 - 28/08/2026 12:45:00","BZN|IT-South","Solar","-"
"28/08/2026 12:45:00 - 28/08/2026 13:00:00","BZN|IT-South","Solar","-"
"28/08/2026 13:00:00 - 28/08/2026 13:15:00","BZN|IT-South","Solar","-"
"28/08/2026 13:15:00 - 28/08/2026 13:30:00","BZN|IT-South","Solar","-"
"28/08/2026 13:30:00 - 28/08/2026 13:45:00","BZN|IT-South","Solar","-"
"28/08/2026 13:45:00 - 28/08/2026 14:00:00","BZN|IT-South","Solar","-"
"28/08/2026 14:00:00 - 28/08/2026 14:15:00","BZN|IT-South","Solar","-"
"28/08/2026 14:15:00 - 28/08/2026 14:30:00","BZN|IT-South","Solar","-"
"28/08/2026 14:30:00 - 28/08/2026 14:45:00","BZN|IT-South","Solar","-"
"28/08/2026 14:45:00 - 28/08/2026 15:00:00","BZN|IT-South","Solar","-"
"28/08/2026 15:00:00 - 28/08/2026 15:15:00","BZN|IT-South","Solar","-"
"28/08/2026 15:15:00 - 28/08/2026 15:30:00","BZN|IT-South","Solar","-"
"28/08/2026 15:30:00 - 28/08/2026 15:45:00","BZN|IT-South","Solar","-"
"28/08/2026 15:45:00 - 28/08/2026 16:00:00","BZN|IT-South","Solar","-"
"28/08/2026 16:00:00 - 28/08/2026 16:15:00","BZN|IT-South","Solar","-"
"28/08/2026 16:15:00 - 28/08/2026 16:30:00","BZN|IT-South","Solar","-"
"28/08/2026 16:30:00 - 28/08/2026 16:45:00","BZN|IT-South","Solar","-"
"28/08/2026 16:45:00 - 28/08/2026 17:00:00","BZN|IT-South","Solar","-"
"28/08/2026 17:00:00 - 28/08/2026 17:15:00","BZN|IT-South","Solar","-"
"28/08/2026 17:15:00 - 28/08/2026 17:30:00","BZN|IT-South","Solar","-"
"28/08/2026 17:30:00 - 28/08/2026 17:45:00","BZN|IT-South","Solar","-"
"28/08/2026 17:45:00 - 28/08/2026 18:00:00","BZN|IT-South","Solar","-"
"28/08/2026 18:00:00 - 28/08/2026 18:15:00","BZN|IT-South","Solar","-"
"28/08/2026 18:15:00 - 28/08/2026 18:30:00","BZN|IT-South","Solar","-"
"28/08/2026 18:30:00 - 28/08/2026 18:45:00","BZN|IT-South","Solar","-"
"28/08/2026 18:45:00 - 28/08/2026 19:00:00","BZN|IT-South","Solar","-"
"28/08/2026 19:00:00 - 28/08/2026 19:15:00","BZN|IT-South","Solar","-"
"28/08/2026 19:15:00 - 28/08/2026 19:30:00","BZN|IT-South","Solar","-"
"28/08/2026 19:30:00 - 28/08/2026 19:45:00","BZN|IT-South","Solar","-"
"28/08/2026 19:45:00 - 28/08/2026 20:00:00","BZN|IT-South","Solar","-"
"28/08/2026 20:00:00 - 28/08/2026 20:15:00","BZN|IT-South","Solar","-"
"28/08/2026 20:15:00 - 28/08/2026 20:30:00","BZN|IT-South","Solar","-"
"28/08/2026 20:30:00 - 28/08/2026 20:45:00","BZN|IT-South","Solar","-"
"28/08/2026 20:45:00 - 28/08/2026 21:00:00","BZN|IT-South","Solar","-"
"28/08/2026 21:00:00 - 28/08/2026 21:15:00","BZN|IT-South","Solar","-"
"28/08/2026 21:15:00 - 28/08/2026 21:30:00","BZN|IT-South","Solar","-"
"28/08/2026 21:30:00 - 28/08/2026 21:45:00","BZN|IT-South","Solar","-"
"28/08/2026 21:45:00 - 28/08/2026 22:00:00","BZN|IT-South","Solar","-"
"28/08/2026 22:00:00 - 28/08/2026 22:15:00","BZN|IT-South","Solar","-"
"28/08/2026 22:15:00 - 28/08/2026 22:30:00","BZN|IT-South","Solar","-"
"28/08/2026 22:30:00 - 28/08/2026 22:45:00","BZN|IT-South","Solar","-"
"28/08/2026 22:45:00 - 28/08/2026 23:00:00","BZN|IT-South","Solar","-"
"28/08/2026 23:00:00 - 28/08/2026 23:15:00","BZN|IT-South","Solar","-"
"28/08/2026 23:15:00 - 28/08/2026 23:30:00","BZN|IT-South","Solar","-"
"28/08/2026 23:30:00 - 28/08/2026 23:45:00","BZN|IT-South","Solar","-"
"28/08/2026 23:45:00 - 29/08/2026 00:00:00","BZN|IT-South","Solar","-"
"28/08/2026 00:00:00 - 28/08/2026 00:15:00","BZN|IT-South","Waste","n/e"
"28/08/2026 00:15:00 - 28/08/2026 00:30:00","BZN|IT-South","Waste","n/e"
"28/08/2026 00:30:00 - 28/08/2026 00:45:00","BZN|IT-South","Waste","n/e"
"28/08/2026 00:45:00 - 28/08/2026 01:00:00","BZN|IT-South","Waste","n/e"
"28/08/2026 01:00:00 - 28/08/2026 01:15:00","BZN|IT-South","Waste","n/e"
"28/08/2026 01:15:00 - 28/08/2026 01:30:00","BZN|IT-South","Waste","n/e"
"28/08/2026 01:30:00 - 28/08/2026 01:45:00","BZN|IT-South","Waste","n/e"
"28/08/2026 01:45:00 - 28/08/2026 02:00:00","BZN|IT-South","Waste","n/e"
"28/08/2026 02:00:00 - 28/08/2026 02:15:00","BZN|IT-South","Waste","n/e"
"28/08/2026 02:15:00 - 28/08/2026 02:30:00","BZN|IT-South","Waste","n/e"
"28/08/2026 02:30:00 - 28/08/2026 02:45:00","BZN|IT-South","Waste","n/e"
"28/08/2026 02:45:00 - 28/08/2026 03:00:00","BZN|IT-South","Waste","n/e"
"28/08/2026 03:00:00 - 28/08/2026 03:15:00","BZN|IT-South","Waste","n/e"
"28/08/2026 03:15:00 - 28/08/2026 03:30:00","BZN|IT-South","Waste","n/e"
"28/08/2026 03:30:00 - 28/08/2026 03:45:00","BZN|IT-South","Waste","n/e"
"28/08/2026 03:45:00 - 28/08/2026 04:00:00","BZN|IT-South","Waste","n/e"
"28/08/2026 04:00:00 - 28/08/2026 04:15:00","BZN|IT-South","Waste","n/e"
"28/08/2026 04:15:00 - 28/08/2026 04:30:00","BZN|IT-South","Waste","n/e"
"28/08/2026 04:30:00 - 28/08/2026 04:45:00","BZN|IT-South","Waste","n/e"
"28/08/2026 04:45:00 - 28/08/2026 05:00:00","BZN|IT-South","Waste","n/e"
"28/08/2026 05:00:00 - 28/08/2026 05:15:00","BZN|IT-South","Waste","n/e"
"28/08/2026 05:15:00 - 28/08/2026 05:30:00","BZN|IT-South","Waste","n/e"
"28/08/2026 05:30:00 - 28/08/2026 05:45:00","BZN|IT-South","Waste","n/e"
"28/08/2026 05:45:00 - 28/08/2026 06:00:00","BZN|IT-South","Waste","n/e"
"28/08/2026 06:00:00 - 28/08/2026 06:15:00","BZN|IT-South","Waste","n/e"
"28/08/2026 06:15:00 - 28/08/2026 06:30:00","BZN|IT-South","Waste","n/e"
"28/08/2026 06:30:00 - 28/08/2026 06:45:00","BZN|IT-South","Waste","n/e"
"28/08/2026 06:45:00 - 28/08/2026 07:00:00","BZN|IT-South","Waste","n/e"
"28/08/2026 07:00:00 - 28/08/2026 07:15:00","BZN|IT-South","Waste","n/e"
"28/08/2026 07:15:00 - 28/08/2026 07:30:00","BZN|IT-South","Waste","n/e"
"28/08/2026 07:30:00 - 28/08/2026 07:45:00","BZN|IT-South","Waste","n/e"
"28/08/2026 07:45:00 - 28/08/2026 08:00:00","BZN|IT-South","Waste","n/e"
"28/08/2026 08:00:00 - 28/08/2026 08:15:00","BZN|IT-South","Waste","n/e"
"28/08/2026 08:15:00 - 28/08/2026 08:30:00","BZN|IT-South","Waste","n/e"
"28/08/2026 08:30:00 - 28/08/2026 08:45:00","BZN|IT-South","Waste","n/e"
"28/08/2026 08:45:00 - 28/08/2026 09:00:00","BZN|IT-South","Waste","n/e"
"28/08/2026 09:00:00 - 28/08/2026 09:15:00","BZN|IT-South","Waste","n/e"
"28/08/2026 09:15:00 - 28/08/2026 09:30:00","BZN|IT-South","Waste","n/e"
"28/08/2026 09:30:00 - 28/08/2026 09:45:00","BZN|IT-South","Waste","n/e"
"28/08/2026 09:45:00 - 28/08/2026 10:00:00","BZN|IT-South","Waste","n/e"
"28/08/2026 10:00:00 - 28/08/2026 10:15:00","BZN|IT-South","Waste","n/e"
"28/08/2026 10:15:00 - 28/08/2026 10:30:00","BZN|IT-South","Waste","n/e"
"28/08/2026 10:30:00 - 28/08/2026 10:45:00","BZN|IT-South","Waste","n/e"
"28/08/2026 10:45:00 - 28/08/2026 11:00:00","BZN|IT-South","Waste","n/e"
"28/08/2026 11:00:00 - 28/08/2026 11:15:00","BZN|IT-South","Waste","n/e"
"28/08/2026 11:15:00 - 28/08/2026 11:30:00","BZN|IT-South","Waste","n/e"
"28/08/2026 11:30:00 - 28/08/2026 11:45:00","BZN|IT-South","Waste","n/e"
"28/08/2026 11:45:00 - 28/08/2026 12:00:00","BZN|IT-South","Waste","n/e"
"28/08/2026 12:00:00 - 28/08/2026 12:15:00","BZN|IT-South","Waste","n/e"
"28/08/2026 12:15:00 - 28/08/2026 12:30:00","BZN|IT-South","Waste","n/e"
"28/08/2026 12:30:00 - 28/08/2026 12:45:00","BZN|IT-South","Waste","n/e"
"28/08/2026 12:45:00 - 28/08/2026 13:00:00","BZN|IT-South","Waste","n/e"
"28/08/2026 13:00:00 - 28/08/2026 13:15:00","BZN|IT-South","Waste","n/e"
"28/08/2026 13:15:00 - 28/08/2026 13:30:00","BZN|IT-South","Waste","n/e"
"28/08/2026 13:30:00 - 28/08/2026 13:45:00","BZN|IT-South","Waste","n/e"
"28/08/2026 13:45:00 - 28/08/2026 14:00:00","BZN|IT-South","Waste","n/e"
"28/08/2026 14:00:00 - 28/08/2026 14:15:00","BZN|IT-South","Waste","n/e"
"28/08/2026 14:15:00 - 28/08/2026 14:30:00","BZN|IT-South","Waste","n/e"
"28/08/2026 14:30:00 - 28/08/2026 14:45:00","BZN|IT-South","Waste","n/e"
"28/08/2026 14:45:00 - 28/08/2026 15:00:00","BZN|IT-South","Waste","n/e"
"28/08/2026 15:00:00 - 28/08/2026 15:15:00","BZN|IT-South","Waste","n/e"
"28/08/2026 15:15:00 - 28/08/2026 15:30:00","BZN|IT-South","Waste","n/e"
"28/08/2026 15:30:00 - 28/08/2026 15:45:00","BZN|IT-South","Waste","n/e"
"28/08/2026 15:45:00 - 28/08/2026 16:00:00","BZN|IT-South","Waste","n/e"
"28/08/2026 16:00:00 - 28/08/2026 16:15:00","BZN|IT-South","Waste","n/e"
"28/08/2026 16:15:00 - 28/08/2026 16:30:00","BZN|IT-South","Waste","n/e"
"28/08/2026 16:30:00 - 28/08/2026 16:45:00","BZN|IT-South","Waste","n/e"
"28/08/2026 16:45:00 - 28/08/2026 17:00:00","BZN|IT-South","Waste","n/e"
"28/08/2026 17:00:00 - 28/08/2026 17:15:00","BZN|IT-South","Waste","n/e"
"28/08/2026 17:15:00 - 28/08/2026 17:30:00","BZN|IT-South","Waste","n/e"
"28/08/2026 17:30:00 - 28/08/2026 17:45:00","BZN|IT-South","Waste","n/e"
"28/08/2026 17:45:00 - 28/08/2026 18:00:00","BZN|IT-South","Waste","n/e"
"28/08/2026 18:00:00 - 28/08/2026 18:15:00","BZN|IT-South","Waste","n/e"
"28/08/2026 18:15:00 - 28/08/2026 18:30:00","BZN|IT-South","Waste","n/e"
"28/08/2026 18:30:00 - 28/08/2026 18:45:00","BZN|IT-South","Waste","n/e"
"28/08/2026 18:45:00 - 28/08/2026 19:00:00","BZN|IT-South","Waste","n/e"
"28/08/2026 19:00:00 - 28/08/2026 19:15:00","BZN|IT-South","Waste","n/e"
"28/08/2026 19:15:00 - 28/08/2026 19:30:00","BZN|IT-South","Waste","n/e"
"28/08/2026 19:30:00 - 28/08/2026 19:45:00","BZN|IT-South","Waste","n/e"
"28/08/2026 19:45:00 - 28/08/2026 20:00:00","BZN|IT-South","Waste","n/e"
"28/08/2026 20:00:00 - 28/08/2026 20:15:00","BZN|IT-South","Waste","n/e"
"28/08/2026 20:15:00 - 28/08/2026 20:30:00","BZN|IT-South","Waste","n/e"
"28/08/2026 20:30:00 - 28/08/2026 20:45:00","BZN|IT-South","Waste","n/e"
"28/08/2026 20:45:00 - 28/08/2026 21:00:00","BZN|IT-South","Waste","n/e"
"28/08/2026 21:00:00 - 28/08/2026 21:15:00","BZN|IT-South","Waste","n/e"
"28/08/2026 21:15:00 - 28/08/2026 21:30:00","BZN|IT-South","Waste","n/e"
"28/08/2026 21:30:00 - 28/08/2026 21:45:00","BZN|IT-South","Waste","n/e"
"28/08/2026 21:45:00 - 28/08/2026 22:00:00","BZN|IT-South","Waste","n/e"
"28/08/2026 22:00:00 - 28/08/2026 22:15:00","BZN|IT-South","Waste","n/e"
"28/08/2026 22:15:00 - 28/08/2026 22:30:00","BZN|IT-South","Waste","n/e"
"28/08/2026 22:30:00 - 28/08/2026 22:45:00","BZN|IT-South","Waste","n/e"
"28/08/2026 22:45:00 - 28/08/2026 23:00:00","BZN|IT-South","Waste","n/e"
"28/08/2026 23:00:00 - 28/08/2026 23:15:00","BZN|IT-South","Waste","n/e"
"28/08/2026 23:15:00 - 28/08/2026 23:30:00","BZN|IT-South","Waste","n/e"
"28/08/2026 23:30:00 - 28/08/2026 23:45:00","BZN|IT-South","Waste","n/e"
"28/08/2026 23:45:00 - 29/08/2026 00:00:00","BZN|IT-South","Waste","n/e"
"28/08/2026 00:00:00 - 28/08/2026 00:15:00","BZN|IT-South","Wind Offshore","0.00"
"28/08/2026 00:15:00 - 28/08/2026 00:30:00","BZN|IT-South","Wind Offshore","0.00"
"28/08/2026 00:30:00 - 28/08/2026 00:45:00","BZN|IT-South","Wind Offshore","0.00"
"28/08/2026 00:45:00 - 28/08/2026 01:00:00","BZN|IT-South","Wind Offshore","0.00"
"28/08/2026 01:00:00 - 28/08/2026 01:15:00","BZN|IT-South","Wind Offshore","0.00"
"28/08/2026 01:15:00 - 28/08/2026 01:30:00","BZN|IT-South","Wind Offshore","0.00"
"28/08/2026 01:30:00 - 28/08/2026 01:45:00","BZN|IT-South","Wind Offshore","0.00"
"28/08/2026 01:45:00 - 28/08/2026 02:00:00","BZN|IT-South","Wind Offshore","0.00"
"28/08/2026 02:00:00 - 28/08/2026 02:15:00","BZN|IT-South","Wind Offshore","0.00"
"28/08/2026 02:15:00 - 28/08/2026 02:30:00","BZN|IT-South","Wind Offshore","0.00"
"28/08/2026 02:30:00 - 28/08/2026 02:45:00","BZN|IT-South","Wind Offshore","0.00"
"28/08/2026 02:45:00 - 28/08/2026 03:00:00","BZN|IT-South","Wind Offshore","0.00"
"28/08/2026 03:00:00 - 28/08/2026 03:15:00","BZN|IT-South","Wind Offshore","0.00"
"28/08/2026 03:15:00 - 28/08/2026 03:30:00","BZN|IT-South","Wind Offshore","0.00"
"28/08/2026 03:30:00 - 28/08/2026 03:45:00","BZN|IT-South","Wind Offshore","0.00"
"28/08/2026 03:45:00 - 28/08/2026 04:00:00","BZN|IT-South","Wind Offshore","0.00"
"28/08/2026 04:00:00 - 28/08/2026 04:15:00","BZN|IT-South","Wind Offshore","0.00"
"28/08/2026 04:15:00 - 28/08/2026 04:30:00","BZN|IT-South","Wind Offshore","0.00"
"28/08/2026 04:30:00 - 28/08/2026 04:45:00","BZN|IT-South","Wind Offshore","0.00"
"28/08/2026 04:45:00 - 28/08/2026 05:00:00","BZN|IT-South","Wind Offshore","0.00"
"28/08/2026 05:00:00 - 28/08/2026 05:15:00","BZN|IT-South","Wind Offshore","0.00"
"28/08/2026 05:15:00 - 28/08/2026 05:30:00","BZN|IT-South","Wind Offshore","0.00"
"28/08/2026 05:30:00 - 28/08/2026 05:45:00","BZN|IT-South","Wind Offshore","0.00"
"28/08/2026 05:45:00 - 28/08/2026 06:00:00","BZN|IT-South","Wind Offshore","0.00"
"28/08/2026 06:00:00 - 28/08/2026 06:15:00","BZN|IT-South","Wind Offshore","0.00"
"28/08/2026 06:15:00 - 28/08/2026 06:30:00","BZN|IT-South","Wind Offshore","0.00"
"28/08/2026 06:30:00 - 28/08/2026 06:45:00","BZN|IT-South","Wind Offshore","0.00"
"28/08/2026 06:45:00 - 28/08/2026 07:00:00","BZN|IT-South","Wind Offshore","0.00"
"28/08/2026 07:00:00 - 28/08/2026 07:15:00","BZN|IT-South","Wind Offshore","0.00"
"28/08/2026 07:15:00 - 28/08/2026 07:30:00","BZN|IT-South","Wind Offshore","0.00"
"28/08/2026 07:30:00 - 28/08/2026 07:45:00","BZN|IT-South","Wind Offshore","0.00"
"28/08/2026 07:45:00 - 28/08/2026 08:00:00","BZN|IT-South","Wind Offshore","0.00"
"28/08/2026 08:00:00 - 28/08/2026 08:15:00","BZN|IT-South","Wind Offshore","0.00"
"28/08/2026 08:15:00 - 28/08/2026 08:30:00","BZN|IT-South","Wind Offshore","0.00"
"28/08/2026 08:30:00 - 28/08/2026 08:45:00","BZN|IT-South","Wind Offshore","0.00"
"28/08/2026 08:45:00 - 28/08/2026 09:00:00","BZN|IT-South","Wind Offshore","0.00"
"28/08/2026 09:00:00 - 28/08/2026 09:15:00","BZN|IT-South","Wind Offshore","0.00"
"28/08/2026 09:15:00 - 28/08/2026 09:30:00","BZN|IT-South","Wind Offshore","0.00"
"28/08/2026 09:30:00 - 28/08/2026 09:45:00","BZN|IT-South","Wind Offshore","0.00"
"28/08/2026 09:45:00 - 28/08/2026 10:00:00","BZN|IT-South","Wind Offshore","0.00"
"28/08/2026 10:00:00 - 28/08/2026 10:15:00","BZN|IT-South","Wind Offshore","0.00"
"28/08/2026 10:15:00 - 28/08/2026 10:30:00","BZN|IT-South","Wind Offshore","0.00"
"28/08/2026 10:30:00 - 28/08/2026 10:45:00","BZN|IT-South","Wind Offshore","0.00"
"28/08/2026 10:45:00 - 28/08/2026 11:00:00","BZN|IT-South","Wind Offshore","0.00"
"28/08/2026 11:00:00 - 28/08/2026 11:15:00","BZN|IT-South","Wind Offshore","0.00"
"28/08/2026 11:15:00 - 28/08/2026 11:30:00","BZN|IT-South","Wind Offshore","0.00"
"28/08/2026 11:30:00 - 28/08/2026 11:45:00","BZN|IT-South","Wind Offshore","0.00"
"28/08/2026 11:45:00 - 28/08/2026 12:00:00","BZN|IT-South","Wind Offshore","0.00"
"28/08/2026 12:00:00 - 28/08/2026 12:15:00","BZN|IT-South","Wind Offshore","-"
"28/08/2026 12:15:00 - 28/08/2026 12:30:00","BZN|IT-South","Wind Offshore","-"
"28/08/2026 12:30:00 - 28/08/2026 12:45:00","BZN|IT-South","Wind Offshore","-"
"28/08/2026 12:45:00 - 28/08/2026 13:00:00","BZN|IT-South","Wind Offshore","-"
"28/08/2026 13:00:00 - 28/08/2026 13:15:00","BZN|IT-South","Wind Offshore","-"
"28/08/2026 13:15:00 - 28/08/2026 13:30:00","BZN|IT-South","Wind Offshore","-"
"28/08/2026 13:30:00 - 28/08/2026 13:45:00","BZN|IT-South","Wind Offshore","-"
"28/08/2026 13:45:00 - 28/08/2026 14:00:00","BZN|IT-South","Wind Offshore","-"
"28/08/2026 14:00:00 - 28/08/2026 14:15:00","BZN|IT-South","Wind Offshore","-"
"28/08/2026 14:15:00 - 28/08/2026 14:30:00","BZN|IT-South","Wind Offshore","-"
"28/08/2026 14:30:00 - 28/08/2026 14:45:00","BZN|IT-South","Wind Offshore","-"
"28/08/2026 14:45:00 - 28/08/2026 15:00:00","BZN|IT-South","Wind Offshore","-"
"28/08/2026 15:00:00 - 28/08/2026 15:15:00","BZN|IT-South","Wind Offshore","-"
"28/08/2026 15:15:00 - 28/08/2026 15:30:00","BZN|IT-South","Wind Offshore","-"
"28/08/2026 15:30:00 - 28/08/2026 15:45:00","BZN|IT-South","Wind Offshore","-"
"28/08/2026 15:45:00 - 28/08/2026 16:00:00","BZN|IT-South","Wind Offshore","-"
"28/08/2026 16:00:00 - 28/08/2026 16:15:00","BZN|IT-South","Wind Offshore","-"
"28/08/2026 16:15:00 - 28/08/2026 16:30:00","BZN|IT-South","Wind Offshore","-"
"28/08/2026 16:30:00 - 28/08/2026 16:45:00","BZN|IT-South","Wind Offshore","-"
"28/08/2026 16:45:00 - 28/08/2026 17:00:00","BZN|IT-South","Wind Offshore","-"
"28/08/2026 17:00:00 - 28/08/2026 17:15:00","BZN|IT-South","Wind Offshore","-"
"28/08/2026 17:15:00 - 28/08/2026 17:30:00","BZN|IT-South","Wind Offshore","-"
"28/08/2026 17:30:00 - 28/08/2026 17:45:00","BZN|IT-South","Wind Offshore","-"
"28/08/2026 17:45:00 - 28/08/2026 18:00:00","BZN|IT-South","Wind Offshore","-"
"28/08/2026 18:00:00 - 28/08/2026 18:15:00","BZN|IT-South","Wind Offshore","-"
"28/08/2026 18:15:00 - 28/08/2026 18:30:00","BZN|IT-South","Wind Offshore","-"
"28/08/2026 18:30:00 - 28/08/2026 18:45:00","BZN|IT-South","Wind Offshore","-"
"28/08/2026 18:45:00 - 28/08/2026 19:00:00","BZN|IT-South","Wind Offshore","-"
"28/08/2026 19:00:00 - 28/08/2026 19:15:00","BZN|IT-South","Wind Offshore","-"
"28/08/2026 19:15:00 - 28/08/2026 19:30:00","BZN|IT-South","Wind Offshore","-"
"28/08/2026 19:30:00 - 28/08/2026 19:45:00","BZN|IT-South","Wind Offshore","-"
"28/08/2026 19:45:00 - 28/08/2026 20:00:00","BZN|IT-South","Wind Offshore","-"
"28/08/2026 20:00:00 - 28/08/2026 20:15:00","BZN|IT-South","Wind Offshore","-"
"28/08/2026 20:15:00 - 28/08/2026 20:30:00","BZN|IT-South","Wind Offshore","-"
"28/08/2026 20:30:00 - 28/08/2026 20:45:00","BZN|IT-South","Wind Offshore","-"
"28/08/2026 20:45:00 - 28/08/2026 21:00:00","BZN|IT-South","Wind Offshore","-"
"28/08/2026 21:00:00 - 28/08/2026 21:15:00","BZN|IT-South","Wind Offshore","-"
"28/08/2026 21:15:00 - 28/08/2026 21:30:00","BZN|IT-South","Wind Offshore","-"
"28/08/2026 21:30:00 - 28/08/2026 21:45:00","BZN|IT-South","Wind Offshore","-"
"28/08/2026 21:45:00 - 28/08/2026 22:00:00","BZN|IT-South","Wind Offshore","-"
"28/08/2026 22:00:00 - 28/08/2026 22:15:00","BZN|IT-South","Wind Offshore","-"
"28/08/2026 22:15:00 - 28/08/2026 22:30:00","BZN|IT-South","Wind Offshore","-"
"28/08/2026 22:30:00 - 28/08/2026 22:45:00","BZN|IT-South","Wind Offshore","-"
"28/08/2026 22:45:00 - 28/08/2026 23:00:00","BZN|IT-South","Wind Offshore","-"
"28/08/2026 23:00:00 - 28/08/2026 23:15:00","BZN|IT-South","Wind Offshore","-"
"28/08/2026 23:15:00 - 28/08/2026 23:30:00","BZN|IT-South","Wind Offshore","-"
"28/08/2026 23:30:00 - 28/08/2026 23:45:00","BZN|IT-South","Wind Offshore","-"
"28/08/2026 23:45:00 - 29/08/2026 00:00:00","BZN|IT-South","Wind Offshore","-"
"28/08/2026 00:00:00 - 28/08/2026 00:15:00","BZN|IT-South","Wind Onshore","427.00"
"28/08/2026 00:15:00 - 28/08/2026 00:30:00","BZN|IT-South","Wind Onshore","441.00"
"28/08/2026 00:30:00 - 28/08/2026 00:45:00","BZN|IT-South","Wind Onshore","464.00"
"28/08/2026 00:45:00 - 28/08/2026 01:00:00","BZN|IT-South","Wind Onshore","488.00"
"28/08/2026 01:00:00 - 28/08/2026 01:15:00","BZN|IT-South","Wind Onshore","529.00"
"28/08/2026 01:15:00 - 28/08/2026 01:30:00","BZN|IT-South","Wind Onshore","579.00"
"28/08/2026 01:30:00 - 28/08/2026 01:45:00","BZN|IT-South","Wind Onshore","646.00"
"28/08/2026 01:45:00 - 28/08/2026 02:00:00","BZN|IT-South","Wind Onshore","658.00"
"28/08/2026 02:00:00 - 28/08/2026 02:15:00","BZN|IT-South","Wind Onshore","679.00"
"28/08/2026 02:15:00 - 28/08/2026 02:30:00","BZN|IT-South","Wind Onshore","701.00"
"28/08/2026 02:30:00 - 28/08/2026 02:45:00","BZN|IT-South","Wind Onshore","719.00"
"28/08/2026 02:45:00 - 28/08/2026 03:00:00","BZN|IT-South","Wind Onshore","708.00"
"28/08/2026 03:00:00 - 28/08/2026 03:15:00","BZN|IT-South","Wind Onshore","676.00"
"28/08/2026 03:15:00 - 28/08/2026 03:30:00","BZN|IT-South","Wind Onshore","660.00"
"28/08/2026 03:30:00 - 28/08/2026 03:45:00","BZN|IT-South","Wind Onshore","664.00"
"28/08/2026 03:45:00 - 28/08/2026 04:00:00","BZN|IT-South","Wind Onshore","638.00"
"28/08/2026 04:00:00 - 28/08/2026 04:15:00","BZN|IT-South","Wind Onshore","598.00"
"28/08/2026 04:15:00 - 28/08/2026 04:30:00","BZN|IT-South","Wind Onshore","565.00"
"28/08/2026 04:30:00 - 28/08/2026 04:45:00","BZN|IT-South","Wind Onshore","544.00"
"28/08/2026 04:45:00 - 28/08/2026 05:00:00","BZN|IT-South","Wind Onshore","522.00"
"28/08/2026 05:00:00 - 28/08/2026 05:15:00","BZN|IT-South","Wind Onshore","486.00"
"28/08/2026 05:15:00 - 28/08/2026 05:30:00","BZN|IT-South","Wind Onshore","489.00"
"28/08/2026 05:30:00 - 28/08/2026 05:45:00","BZN|IT-South","Wind Onshore","501.00"
"28/08/2026 05:45:00 - 28/08/2026 06:00:00","BZN|IT-South","Wind Onshore","529.00"
"28/08/2026 06:00:00 - 28/08/2026 06:15:00","BZN|IT-South","Wind Onshore","549.00"
"28/08/2026 06:15:00 - 28/08/2026 06:30:00","BZN|IT-South","Wind Onshore","540.00"
"28/08/2026 06:30:00 - 28/08/2026 06:45:00","BZN|IT-South","Wind Onshore","541.00"
"28/08/2026 06:45:00 - 28/08/2026 07:00:00","BZN|IT-South","Wind Onshore","531.00"
"28/08/2026 07:00:00 - 28/08/2026 07:15:00","BZN|IT-South","Wind Onshore","508.00"
"28/08/2026 07:15:00 - 28/08/2026 07:30:00","BZN|IT-South","Wind Onshore","503.00"
"28/08/2026 07:30:00 - 28/08/2026 07:45:00","BZN|IT-South","Wind Onshore","501.00"
"28/08/2026 07:45:00 - 28/08/2026 08:00:00","BZN|IT-South","Wind Onshore","501.00"
"28/08/2026 08:00:00 - 28/08/2026 08:15:00","BZN|IT-South","Wind Onshore","463.00"
"28/08/2026 08:15:00 - 28/08/2026 08:30:00","BZN|IT-South","Wind Onshore","425.00"
"28/08/2026 08:30:00 - 28/08/2026 08:45:00","BZN|IT-South","Wind Onshore","390.00"
"28/08/2026 08:45:00 - 28/08/2026 09:00:00","BZN|IT-South","Wind Onshore","362.00"
"28/08/2026 09:00:00 - 28/08/2026 09:15:00","BZN|IT-South","Wind Onshore","332.00"
"28/08/2026 09:15:00 - 28/08/2026 09:30:00","BZN|IT-South","Wind Onshore","334.00"
"28/08/2026 09:30:00 - 28/08/2026 09:45:00","BZN|IT-South","Wind Onshore","332.00"
"28/08/2026 09:45:00 - 28/08/2026 10:00:00","BZN|IT-South","Wind Onshore","325.00"
"28/08/2026 10:00:00 - 28/08/2026 10:15:00","BZN|IT-South","Wind Onshore","316.00"
"28/08/2026 10:15:00 - 28/08/2026 10:30:00","BZN|IT-South","Wind Onshore","276.00"
"28/08/2026 10:30:00 - 28/08/2026 10:45:00","BZN|IT-South","Wind Onshore","246.00"
"28/08/2026 10:45:00 - 28/08/2026 11:00:00","BZN|IT-South","Wind Onshore","224.00"
"28/08/2026 11:00:00 - 28/08/2026 11:15:00","BZN|IT-South","Wind Onshore","211.00"
"28/08/2026 11:15:00 - 28/08/2026 11:30:00","BZN|IT-South","Wind Onshore","193.00"
"28/08/2026 11:30:00 - 28/08/2026 11:45:00","BZN|IT-South","Wind Onshore","191.00"
"28/08/2026 11:45:00 - 28/08/2026 12:00:00","BZN|IT-South","Wind Onshore","152.00"
"28/08/2026 12:00:00 - 28/08/2026 12:15:00","BZN|IT-South","Wind Onshore","-"
"28/08/2026 12:15:00 - 28/08/2026 12:30:00","BZN|IT-South","Wind Onshore","-"
"28/08/2026 12:30:00 - 28/08/2026 12:45:00","BZN|IT-South","Wind Onshore","-"
"28/08/2026 12:45:00 - 28/08/2026 13:00:00","BZN|IT-South","Wind Onshore","-"
"28/08/2026 13:00:00 - 28/08/2026 13:15:00","BZN|IT-South","Wind Onshore","-"
"28/08/2026 13:15:00 - 28/08/2026 13:30:00","BZN|IT-South","Wind Onshore","-"
"28/08/2026 13:30:00 - 28/08/2026 13:45:00","BZN|IT-South","Wind Onshore","-"
"28/08/2026 13:45:00 - 28/08/2026 14:00:00","BZN|IT-South","Wind Onshore","-"
"28/08/2026 14:00:00 - 28/08/2026 14:15:00","BZN|IT-South","Wind Onshore","-"
"28/08/2026 14:15:00 - 28/08/2026 14:30:00","BZN|IT-South","Wind Onshore","-"
"28/08/2026 14:30:00 - 28/08/2026 14:45:00","BZN|IT-South","Wind Onshore","-"
"28/08/2026 14:45:00 - 28/08/2026 15:00:00","BZN|IT-South","Wind Onshore","-"
"28/08/2026 15:00:00 - 28/08/2026 15:15:00","BZN|IT-South","Wind Onshore","-"
"28/08/2026 15:15:00 - 28/08/2026 15:30:00","BZN|IT-South","Wind Onshore","-"
"28/08/2026 15:30:00 - 28/08/2026 15:45:00","BZN|IT-South","Wind Onshore","-"
"28/08/2026 15:45:00 - 28/08/2026 16:00:00","BZN|IT-South","Wind Onshore","-"
"28/08/2026 16:00:00 - 28/08/2026 16:15:00","BZN|IT-South","Wind Onshore","-"
"28/08/2026 16:15:00 - 28/08/2026 16:30:00","BZN|IT-South","Wind Onshore","-"
"28/08/2026 16:30:00 - 28/08/2026 16:45:00","BZN|IT-South","Wind Onshore","-"
"28/08/2026 16:45:00 - 28/08/2026 17:00:00","BZN|IT-South","Wind Onshore","-"
"28/08/2026 17:00:00 - 28/08/2026 17:15:00","BZN|IT-South","Wind Onshore","-"
"28/08/2026 17:15:00 - 28/08/2026 17:30:00","BZN|IT-South","Wind Onshore","-"
"28/08/2026 17:30:00 - 28/08/2026 17:45:00","BZN|IT-South","Wind Onshore","-"
"28/08/2026 17:45:00 - 28/08/2026 18:00:00","BZN|IT-South","Wind Onshore","-"
"28/08/2026 18:00:00 - 28/08/2026 18:15:00","BZN|IT-South","Wind Onshore","-"
"28/08/2026 18:15:00 - 28/08/2026 18:30:00","BZN|IT-South","Wind Onshore","-"
"28/08/2026 18:30:00 - 28/08/2026 18:45:00","BZN|IT-South","Wind Onshore","-"
"28/08/2026 18:45:00 - 28/08/2026 19:00:00","BZN|IT-South","Wind Onshore","-"
"28/08/2026 19:00:00 - 28/08/2026 19:15:00","BZN|IT-South","Wind Onshore","-"
"28/08/2026 19:15:00 - 28/08/2026 19:30:00","BZN|IT-South","Wind Onshore","-"
"28/08/2026 19:30:00 - 28/08/2026 19:45:00","BZN|IT-South","Wind Onshore","-"
"28/08/2026 19:45:00 - 28/08/2026 20:00:00","BZN|IT-South","Wind Onshore","-"
"28/08/2026 20:00:00 - 28/08/2026 20:15:00","BZN|IT-South","Wind Onshore","-"
"28/08/2026 20:15:00 - 28/08/2026 20:30:00","BZN|IT-South","Wind Onshore","-"
"28/08/2026 20:30:00 - 28/08/2026 20:45:00","BZN|IT-South","Wind Onshore","-"
"28/08/2026 20:45:00 - 28/08/2026 21:00:00","BZN|IT-South","Wind Onshore","-"
"28/08/2026 21:00:00 - 28/08/2026 21:15:00","BZN|IT-South","Wind Onshore","-"
"28/08/2026 21:15:00 - 28/08/2026 21:30:00","BZN|IT-South","Wind Onshore","-"
"28/08/2026 21:30:00 - 28/08/2026 21:45:00","BZN|IT-South","Wind Onshore","-"
"28/08/2026 21:45:00 - 28/08/2026 22:00:00","BZN|IT-South","Wind Onshore","-"
"28/08/2026 22:00:00 - 28/08/2026 22:15:00","BZN|IT-South","Wind Onshore","-"
"28/08/2026 22:15:00 - 28/08/2026 22:30:00","BZN|IT-South","Wind Onshore","-"
"28/08/2026 22:30:00 - 28/08/2026 22:45:00","BZN|IT-South","Wind Onshore","-"
"28/08/2026 22:45:00 - 28/08/2026 23:00:00","BZN|IT-South","Wind Onshore","-"
"28/08/2026 23:00:00 - 28/08/2026 23:15:00","BZN|IT-South","Wind Onshore","-"
"28/08/2026 23:15:00 - 28/08/2026 23:30:00","BZN|IT-South","Wind Onshore","-"
"28/08/2026 23:30:00 - 28/08/2026 23:45:00","BZN|IT-South","Wind Onshore","-"
"28/08/2026 23:45:00 - 29/08/2026 00:00:00","BZN|IT-South","Wind Onshore","-"
